baseline_seconds,candidate_seconds
25.368460579324804,33.626405712812826
26.06105136298098,33.3588495638482
25.52386601839616,32.762530255240684
25.606505867482795,33.612074227801365
25.735067475785865,33.32240334504533
25.67956334842506,33.41298389857561
25.602482409084562,33.4433644184225
26.19994594072469,33.57882395534197
25.87809206473738,33.41720812724367
25.588144847612956,33.57927213237931
25.670056014181387,32.991982136789936
25.483502917600052,33.3805159674267
25.96206350962092,33.6997680763782
25.864179166039726,32.41522959336417
25.33223798831582,33.12059445181964
25.96857432824671,33.28789079353969
25.395570273197716,33.14090410318631
25.312014115742265,33.191449565817805
26.09306381042865,33.35276354225504
26.362226353730158,33.101751130008935
25.885854450870923,33.016150635962326
25.69514066558927,32.84120161309005
25.614228426494122,33.640930962397405
25.760961355265835,32.99708759669842
25.658281139232678,32.98096617532292
25.864608141678318,33.125934748763214
25.33671393518455,32.97326140196881
26.0688560974007,33.31379802817291
25.683365878663725,33.1889224288459
25.475770496122518,33.082056680031705
25.83605105686901,33.020439048610626
25.929524724350255,33.2130225722394
25.206850664353844,33.4708734309097
25.59471090223508,33.32232057563609
25.7204769134068,33.59422195988269
25.56087323797354,33.27321967943526
25.56007913196715,33.099490628899744
25.485951758205495,34.057470097344634
25.68675914381177,32.707069578837256
25.48689988194357,33.237385873925454
25.39065220983369,33.418010025151005
26.02491895354583,33.39204083589133
25.958391751512984,33.56969931930636
25.86762616688733,33.054812578969
25.84803190809718,33.37534569682671
25.890812372320752,33.71687735754926
25.572956739786655,33.044827276403176
25.643048417433945,33.41660239036709
26.26271426100866,33.761139580819034
25.899355940976605,33.94325124650091
25.50398729191066,32.62024962639926
25.54831110177673,32.970896492220284
25.32206751371382,33.230401395340365
25.641156339703986,33.49176954177783
25.986826470120576,33.890899338887195
25.734033890217106,33.71240213942177
25.265259543370867,33.261113991228086
25.583416791805046,33.20956375822503
25.492776211853975,33.791122712242434
25.61572959529431,33.15017564391664
25.738678802233327,33.14357201728396
25.593970545392445,33.37544843917719
25.59680488021048,33.48408465869167
25.345549333512988,33.47995245703588
25.77468452710895,33.23831898339358
25.448772937228913,33.20802599032111
25.261806283635142,32.75809451535942
25.35327666583848,32.627001533385105
25.38179267463996,32.9996380138592
25.598706654756505,33.60704787322803
26.019377692140548,33.096391411436215
25.92268191083249,33.903736975551126
25.23887431049448,33.696162876655556
25.57867355726166,33.52904499193615
25.181136339395504,33.467804878941564
25.73368365395797,33.3215816180974
25.39368969243805,33.562084144485084
25.99531906002397,32.87753403861327
25.737307168637262,33.0405272528601
25.60215566124807,33.13798818620533
25.55745535573031,33.23342348505133
25.849479586989382,33.80900314109158
25.86192066439121,33.00494739198298
25.771892549561635,33.54187078444443
25.2640036391345,33.52488867030167
25.736020712873316,33.13500659903198
26.247471420628912,32.88462650374802
25.981725195858342,33.2815498736708
25.612166951815173,32.236850043917705
25.507127025117462,33.01763060969285
25.572014217469256,32.93658704752063
25.747684764545976,33.620226015492456
25.26807044642875,33.076742300796006
24.7827204517635,32.92303403906888
25.68414247495041,33.58120030977934
25.665350525190004,33.08025270607813
25.74704473038444,33.82624793217559
25.87425412896359,33.64418256508313
25.28617777939798,33.226256162527406
25.895045662933285,32.823261487303355
25.450472873615553,33.283850061788804
25.473823228830447,33.08371923066889
25.458185372915672,32.833770683761394
25.453255563734146,32.76944780339038
25.611698795392396,33.1476849937741
25.707347395190215,32.87075933810603
26.112208376817726,34.27962766074534
25.79301417166038,33.70336088983637
25.87000211297369,32.93067732837453
25.753613952171527,33.28585475889338
25.754115316881997,33.73778599364756
25.134266168572513,32.893854774915944
25.374552887219107,33.40637661293596
25.773172167674513,32.84500553820812
25.62123879762658,33.24953627875931
25.053117944124686,33.28829363423453
25.708689750166986,33.30022626300742
25.986802399111934,33.507268459477636
25.630250464011976,32.70895338415456
25.868157912213658,33.168354341990515
26.20399721019956,34.25198708468337
25.2347935146759,33.12455609727509
25.465827352177932,33.26632740568242
25.82681592828479,32.385847977149325
25.347907045738047,33.22933900346894
25.322553425134014,33.05677183460942
25.689128587590798,33.50594186716266
25.627707583463785,33.06927957075203
25.097076632769298,32.860442338654394
25.692379855632353,33.59167162146375
25.463464319330477,33.1856322139045
26.037898504476924,33.25086749060873
25.843877970037983,33.25532635200986
26.052077560115187,33.64299885865618
25.85937510775796,33.10667362383538
24.768438286168884,33.14241880926622
25.773388453939525,33.678326633759966
25.60163648306316,32.59386153192487
25.549667526084217,33.00748281579468
25.13767016473187,32.91608456699216
25.24041553995658,33.332981016186004
25.84170372996984,33.00438232408498
25.632274749861843,32.82922668919531
25.3806780688087,33.58580376753611
26.078976893508163,33.70416995535064
25.94195661146195,33.659336845447534
26.166403913000895,33.53432876652995
25.882127604096965,33.061834698357906
25.533912633786084,33.59056760001293
25.37965434852897,33.12808003723215
25.86398871488704,32.64113339492634
25.297702104317914,33.346187822641966
26.114650469181377,33.588826990651135
25.744933468788854,33.012199510059375
25.523962544556614,33.125723326965996
25.56342282797109,33.68745653848731
25.736074490427853,32.94247025866009
26.53860013122176,33.947435344823155
25.41559788064199,33.24485482088143
25.69890907307158,33.12926806895567
25.525268690996143,33.667118303515096
25.720840813700125,32.442880782345505
26.054665142098372,34.06240110675077
25.73556845553547,33.45369151104747
25.496815542301867,33.7938453212459
25.782856443697902,33.28214156728633
26.040158510836214,33.436735666758295
25.867560211664973,33.86136622121728
25.497752134021724,33.5686997117533
25.404153416807418,33.41871230638197
26.300839030441896,33.800772512145784
25.79778858870594,33.559474669945246
25.35096491068736,32.566120987232
25.54840530952604,33.323267650205054
25.512282959041347,33.18467579427106
25.66445401227289,33.12615778325944
25.0389781586773,33.2427110726242
26.09804859928246,33.49055428719137
25.67145876764672,33.34240935178635
25.29849075399622,32.99703871296214
25.617331732996718,32.98754030860884
25.967743943665948,33.03603664831249
25.204474804444075,33.17434704434407
25.688097372658213,33.262027745653114
25.309640650078524,32.861308289429175
26.17929511356663,33.81964699228619
26.026543163873374,32.09265103802843
25.772634571258298,32.919104654485885
25.174543436429847,32.960804063940444
25.528979636495556,32.916816134197006
25.35219316389941,33.52830126191271
25.80369310614106,33.51510415606498
25.77695731979508,33.477753562018044
25.729193530042167,33.57351867778997
25.444317390435863,33.628730303805945
25.343951772077496,33.13239508019114
25.525302788329263,33.109533924263275
25.418803511605283,33.5170513865596
25.855699516704806,33.365076647257254
25.595824668775464,33.254289979059756
25.661006553446,33.56125537125105
25.568284920739675,33.3762744242696
25.47548016737725,33.614589409768136
25.5787486834,33.58383464809172
25.123821584078474,33.07193872653113
25.858062282710232,33.30245653883111
25.984619690418135,33.28331839569135
25.521371135214828,32.977988580850365
25.464819559923498,32.59913318488166
25.368648291672386,33.15131616814189
25.527717513035874,32.91173717987755
25.93544707482763,33.09410046231985
25.933583493098865,33.38682839128481
25.46717075582258,33.41832771392352
26.137260262975172,33.76386453365843
25.83241082924053,33.53879051822527
25.523975268313528,33.162994596709375
25.406277217943817,33.1932541513399
26.14575500488402,33.845765159632535
25.37490093629959,33.20949826072864
25.16722854707589,33.30646193087517
25.712824096454735,33.39989754423872
25.91038155973856,33.69078832538207
26.153873432101737,33.82618224958237
25.708334082877986,33.52663892705785
25.71584376951089,33.488527168179324
25.41845000957569,33.29232247544444
25.989811976329918,33.80958429245717
25.057966327285015,33.24987313452417
25.78135817548027,32.76039343556885
25.99531495802127,33.843864257521105
25.567335220170463,33.31101163390017
26.03092821628693,33.22105979182442
25.767704263442255,33.2902865894865
26.009333747100804,33.545546159076686
25.605251267766462,33.11124364481397
25.87290262614891,33.88156826878735
26.359472233427763,33.67163167517584
25.34005686633741,32.90616864508479
25.784445416765273,33.57024896306374
25.876898291736534,33.37132195302154
25.370125272979003,33.16399080933091
25.83406313751076,33.1823311647623
25.51957017249469,33.40882596249063
25.845318848478872,33.02300407588226
25.62701360274069,33.181489576541665
25.720459000736746,33.83851191076518
25.522036486430782,33.09688699129564
25.619946779332132,33.37979452150086
25.647771994474727,33.81590687020613
25.594230663739292,33.82054760388782
26.10613645784709,32.73734562261862
25.695499873339276,32.770499411784726
25.217870398864484,33.53616998003484
25.33518145919565,32.87030384446002
25.72390670155642,33.38275826527918
25.824537973420234,33.65676967065248
25.9695069479992,33.72274743932405
25.789954879319257,33.478500620924294
25.16907993286908,32.86722426306522
26.038452124343817,33.14206293680108
25.412526944210637,32.84722325959637
25.89214136406474,33.75579938868885
25.3617169021227,32.847403492082584
26.496233534421982,34.182656833883215
25.339820640447343,32.87493890554977
25.408414780313354,33.66607856262463
25.43232047890239,33.075135357824465
25.35119482522085,33.31435627580191
25.619299764155564,32.68974780211981
25.358203171589267,33.63441863404141
25.135274802146988,33.12091392043169
26.116199192968427,33.21779815156746
25.962258619361986,33.91062877515352
25.720800661830243,33.85774955118539
25.485025253256453,33.10345855860987
25.63911108151694,33.554453588342824
25.64556678669513,33.514968870249994
25.40090892523267,33.25929879182623
24.841038247272564,33.100015846901115
26.011229177874046,33.07814166509357
25.48845701284133,33.252983603667055
25.820076235615883,33.54872058877302
25.768297919830584,33.091765759583964
25.921095885236365,33.62219047263691
25.885038883376346,33.43251886461998
25.765448441630163,33.53564984478232
25.55561525983555,33.95049800921089
24.990183417285316,32.85838107908134
26.050824039618924,34.08523714164972
26.06340176270736,33.41548242404673
25.683795057822053,33.573854884891205
25.747481914320332,33.502291778551516
26.364481120410716,33.32358634695851
25.80405182186419,33.17869897507895
25.554803879726187,33.69816896741861
26.071382689274614,33.46236866998743
25.31926765557025,32.95953063221701
25.853730958385814,33.624254239269206
26.083996991903817,33.31532341891502
25.320974843030115,32.913236750016374
25.74243241589292,33.007477533581635
25.467302560149996,33.460070317962646
25.49203596036426,33.3069952969868
25.812944920529848,33.39447063604281
25.09167337202737,32.74178630094628
25.765254616081847,33.388448834099705
25.195615000386404,33.55744420269309
25.358956871187367,33.3075667679622
25.829990088501113,33.977102493826074
25.669277186534902,32.51691193027118
25.42348610396569,33.20088322019136
25.355895219539715,33.31662892265866
25.242173312275177,33.27847272604894
26.191483609152247,33.880377034970365
26.121753339673468,33.1124273971727
26.08474704240883,33.4328622536562
25.559358569863228,33.30769932013982
25.72172178383498,33.11025960649018
25.46843507521046,33.40538767236359
25.117575073158108,33.0658032555785
25.658031476682194,33.16376541110267
25.562433593019332,33.285002971973235
25.842348069014687,33.3073841593212
26.251522666753406,33.71570729648247
26.032879130463204,33.24299319064728
26.080982938790466,33.12980497849342
25.465338693523726,32.50055481448722
25.859944051526043,33.227624727878066
25.471402859990278,33.61524617184073
25.876571980443185,33.415249905067284
25.672765629040438,33.30258791060156
25.930515388751605,33.52035356854337
25.44984580623925,33.98685162461602
25.770481343538588,33.45634970044028
25.4939722543422,33.292825354565785
25.423186555229222,33.43910353366952
25.851355721794093,33.905857087409295
25.72646675186728,33.206443567436644
25.500809378841225,32.93374408708407
25.743439621567838,33.1544606233348
25.829043074613637,33.28355331133701
25.25442910724765,33.13409034426726
25.00262835261836,32.75616394761188
25.439437454813227,33.15929218434208
25.679004411702717,32.770616031546226
25.409571388207084,33.171722966343864
25.529107301545054,32.89825058810019
25.612188564520206,33.19734048032549
26.105014870108793,33.579223865297365
25.625556177327805,33.16324745318259
26.007720053291195,33.903876152466246
25.366622066253157,33.185554816183156
25.27378327864529,33.17873649351659
25.625041847716197,33.47471684646175
25.59186960685061,33.187760504206175
25.2801749748805,33.070218839369915
25.329949902988282,33.27318242084452
25.617817154396857,33.08593648143421
25.50517790606895,33.01684529829564
25.61642626626431,33.0686142600228
25.951903710926185,33.44790999556785
25.500364468092126,33.17506537299844
25.149798872144768,33.071646361041324
25.863190514468187,33.05144417123146
25.570973117156033,32.7192175035829
25.56326491260437,32.92505653858336
26.02740206765768,32.90991263397011
25.701802885312148,33.94581161213071
25.637075201181744,32.85164497541764
25.483368254815204,33.850454009649056
25.70683418677418,33.75086878947493
25.634975826016028,33.64450768319785
25.642213485064957,32.8594377944062
26.048833396888636,33.456302325906215
26.039316669963203,33.308038122806174
25.52371695236962,32.812780946650015
25.346077233213403,33.081082189218264
25.6426524894077,32.86480857141718
25.73103745284103,33.22057337061107
26.12669291791486,33.55103346231462
25.9463991147024,33.66679193534
25.7022081008471,32.922551699914024
25.372473028089388,33.201629778597336
25.79732246737177,33.80617404956353
25.532892685336755,33.22379240483573
26.065876359672007,33.16939811055571
25.760579023669088,33.833438777077326
25.958134211849767,33.35886865762424
25.87683931875483,33.08734907622612
25.7265073130614,33.12500902769717
25.448240040719927,33.61301995767114
25.956073110348534,33.20895046259027
25.246285800669163,33.3964323686763
25.7769675286135,34.12108606814901
25.14042109544175,33.235568836330444
25.740653772573207,33.661773441353105
25.741531997839992,33.4563927878079
25.84929066473992,33.55626250698958
25.981833666843563,34.163890853376394
25.359974558936596,32.64629779051348
25.550228529147628,33.33392526887031
25.314341686034414,33.27810992480719
25.34597559165936,33.04759523313499
25.57672141448663,33.294421155317444
25.618815788553206,33.87344213365786
26.122938673097764,33.43433581847521
25.613979116124707,33.22570688417298
25.651883633505406,33.20669735222703
25.242655231962154,33.356143006225174
25.635584530001676,33.22414845296636
25.30296854617688,32.699727332119366
25.794107696646133,32.782882095960986
25.535845574876983,33.275250688618044
25.4148172681043,33.014525627906465
25.684730394205435,33.79711501927422
25.39180628203369,32.605558008253475
25.535678560558537,32.95586316006764
25.732240129477805,33.574388511218835
25.548945221970147,33.15678929049217
25.809698630718884,32.8659522867218
25.919906246854367,33.84866742645005
25.615330500517118,33.243490594608836
25.69407876289546,33.46657176393908
25.644928729789406,33.60458597415128
25.034124700987853,32.636587169283764
25.496487448732953,33.133309940431154
25.338184420079877,33.18708317603564
26.102986132820984,33.83002168742682
25.585007333439883,33.554291752092524
25.855160439573137,33.877155822336164
25.780830775731328,32.84595910051951
25.875203606913846,33.38801578730139
25.82929916647974,33.49306347120209
25.446025260558915,32.94865671488474
25.524331736944163,33.48557039419413
25.62341966534452,33.61904390611357
25.295698110173316,33.20590248229311
25.679337563348895,33.31955206849872
24.899133634541982,32.78497169535031
25.909698214686152,33.39097865148889
25.397671296418622,33.416855362844096
25.271083536634876,32.70496257658327
26.23995673919374,33.75113791092582
25.544425779938752,33.678556942933604
25.88295939447727,33.703171138882205
26.09359645007629,33.48100151694581
25.0460739687742,32.90628495981768
25.596198210709574,33.47818047190184
25.518016069750953,33.05739247012005
25.42497622341865,32.77707075359197
25.616974770057638,33.32723400126175
25.762812661012997,33.50917315528949
25.977492054331137,33.3734236409071
25.53974916009836,32.97135839214146
25.60672750160685,33.59822993437354
25.317206562373208,33.16666136535997
25.568729470303197,33.430617561308225
25.440865121018533,33.26727528328169
25.84343285121734,33.29677552113189
25.603537707265932,33.326058636508556
25.924243516173817,33.856913418926055
25.5658529947087,33.377856587407244
25.35231446091602,32.67467836292747
25.718331421406784,33.37843722074078
25.733893092041587,33.273319730532464
25.805010503940007,33.50714203389216
25.675061093470006,32.95821887297014
25.611896756079478,33.17252848744471
25.851040766138336,33.348979770492036
25.301835995214198,32.87054891367222
25.861261091633825,33.161170071421715
25.54653737056408,33.41023609228319
26.1022748860661,33.74616124750966
25.72767768380255,33.20257327554414
25.823355088274845,33.22457896864928
25.446674762421512,33.09423210691111
25.52008583782409,33.49279553933701
25.432080949098943,33.587303411164015
26.014908761835017,33.07197558823418
25.86888906645356,33.074231945463495
25.499301716489168,32.85667044744151
26.36788750923708,33.32827650244177
25.74656831970946,33.28135418220652
25.676127490932043,33.61100651212749
25.765829353706636,33.26739197798473
25.87262190836512,33.35051557234472
26.0646957805653,33.489556949513975
25.568060222273623,33.582393560574914
25.844121099468158,33.625454896033574
25.46909091438682,33.43364848119624
25.999270792547854,32.62674979980283
26.113232701093764,33.68293119002241
25.76624162135875,33.30477506638012
25.12047367700566,32.57731930829378
25.360875365289882,33.60533745191743
25.853923674829602,33.24743472822725
25.781129712110037,34.01947450863172
25.737570952925736,33.3081657519585
25.878604732102758,33.20624665423932
25.51646235697565,33.21090163332114
25.54493941266072,33.44903421542351
25.891818426861718,33.6389691233467
25.504032445873598,33.322171159090644
26.097431911006897,33.4164387089202
25.87372463523503,33.410814288086094
25.850802526086873,33.48265704494916
25.435145299728084,33.66897714443119
25.721380874278463,33.11616889828717
25.448790550766024,33.27589884178358
25.628544201997084,33.38135651446359
25.55313041889267,33.162797173334745
25.201912072859987,33.03713713254368
25.591577288687954,33.59106727360928
26.100919223673365,33.215624384192125
25.49171132571405,33.3750059981369
25.719468612119428,32.81301907705212
25.49304197975629,33.087673935126595
25.383751044987722,32.50768914951296
25.628740977994102,33.858717164827766
25.911171619814432,33.366627031540276
25.707550105445243,33.26845564007165
25.47548952225415,33.52999507014409
25.880069529272014,33.599851947377715
25.93815175761858,33.69997439052533
25.706409238540978,33.46952753325628
25.7660097771348,33.02410161272221
25.893073316047406,34.22724972961663
25.983715692020798,33.52286214950059
25.833566172224163,33.316756276391786
25.81305310992528,33.16081379032537
25.509312705739788,33.06660205286936
25.815898802600664,33.22784597702392
26.221780303956283,33.02915080797166
25.47170358339635,32.87822899202261
25.665197222191395,33.557217519876595
25.835990547084283,33.365727965315095
25.288756235114185,33.52421194845196
25.634878660306832,33.12738447559659
25.576671860755205,33.5334630421369
25.52801787248886,33.41728295032926
25.977207969127544,33.21732583245942
25.634506542966676,33.455345619078884
25.49509538640384,33.21131920687819
26.037549612195495,33.88420554736562
25.216967681793573,32.81646768311921
25.463983561325975,33.27050004152774
25.838563861690883,33.351835111196834
25.411242317225568,32.99137094198825
25.13863990027248,33.47847539890694
25.190135853805838,33.135643857061424
25.406015296467793,33.51961165917196
25.719290584410672,33.06163407675752
25.29631549120802,32.99419555846428
25.049145110369114,32.938232331507805
25.171989003921265,33.204618701621705
25.60659743102444,33.25878892174757
25.70082667361466,33.34892630626835
26.217315909997794,32.84574714744318
25.672777349508035,33.91130863785172
25.333447369540078,33.45267550607551
25.95434084467628,33.489545842439675
26.02649447999223,33.03395187118847
25.945289516987227,33.63580444647391
26.02510374718231,33.04872322533383
25.89983460503471,33.31254830796672
25.82976413887557,33.607464448104736
25.634705172139444,33.25331842100472
25.624576242558106,33.3588038650358
26.26579945649088,33.931387052633504
25.370147594254234,33.474026739386076
25.70008767285796,32.82349190335734
25.423156202314054,32.79027689526597
25.213587683108564,33.1231460275528
25.11381047309145,33.10980828166814
25.232374476775806,33.296013400806
25.14694661164515,32.846622643599495
25.896562364612727,33.69836993696876
25.3463761564021,33.07341740940085
25.22941366387428,32.90996225549006
25.745179989789985,33.164945721648046
25.87867677750182,33.64379778852429
25.616519204894242,33.138483508848495
25.704736214111826,33.78604213182134
25.7821828374542,33.41354704497364
25.722081025597525,32.412029028181074
25.692095077725504,32.45782900538003
25.656159466941514,33.52407778978684
25.516916668586408,33.716926027761076
25.61378905698806,32.95409001878883
26.200057018075423,33.645674913466365
25.573136756632138,33.16585260038955
25.92928453836122,32.57918271461648
25.122662690530134,33.18388214954533
25.30824550485434,32.934098918025704
25.75576023863115,33.465422052455935
25.728053861470507,33.290544941442796
25.72987653431759,33.29219362489098
25.818282947006747,33.57289979170019
25.254585710366307,32.61702841450392
25.526563929302277,33.127229706890674
25.36557051436086,33.1427242807671
25.196705288394064,33.54277537229356
25.073800244981427,33.22754955778171
25.565654200913453,33.35932106983498
25.7108936869788,33.763039093073154
25.51631914669183,33.334857568646115
25.525571875866298,33.25050240465308
25.412275557987645,33.01783523037332
25.906416392077883,33.35763371670027
25.929564226309278,33.64726880826663
25.445218326619845,33.54943261543664
25.68282684322359,33.60520600767184
25.75488183843155,33.06789508545812
25.153174420849325,33.06529472070301
26.125957522333245,33.90569080642723
25.180637360035917,33.188640599382175
26.134182116462487,33.673888879273626
25.59301346798883,33.55265036969306
26.18937637539951,32.84431271243714
25.74250844440348,33.04269672366684
25.792363468969036,32.90864584899366
25.574836027729884,33.352236206723745
25.831450480827936,33.63547988037849
25.44129921992587,33.146644522487065
25.404620164977683,33.224149788042894
25.369083232385687,32.97347395952545
25.175912350128673,32.88622328813598
25.007797986569464,33.006251087944534
25.510705201468447,33.378915523519154
25.616508581395387,33.31191687838802
25.091654200563333,32.887964882509976
25.724952044934682,32.90353857852613
25.595900249938488,33.444794964049066
25.65587403381466,33.41840553855551
25.796591603590358,33.75103427663535
25.280708177636786,33.28528867209978
25.43494817865682,33.23250333595639
25.637743852483567,33.58202762318862
26.03223620144965,32.72722059403022
25.915895552525253,33.735712884180415
25.974554463326598,33.327688982965974
26.12688688371552,33.470727881689264
25.513690511685706,32.648270363820416
25.731386263377267,33.003006245019854
25.836891360665923,32.96697099633821
25.608165191154278,33.17967232608556
25.823811842622927,32.94680304470371
25.54955847939425,33.579612201594315
26.089961648635352,33.58271931825212
25.637115969906723,33.09373602855788
25.921157023547227,33.331384100776916
25.8214096970675,33.641920156228586
25.56969744389695,33.427367599282626
25.244625198089317,33.35879996685978
25.64783084153121,33.4366685154893
25.63905607389109,33.50384621618131
25.580050135414048,32.7679421159099
25.396806915730075,33.012274665982964
24.739519736353376,32.44211059131793
25.299379892271954,33.2522138978753
25.066350810777134,32.91567226691946
25.975446679747805,33.323668085102064
25.51800733851778,33.42299901204775
25.28637406520378,33.08497229326507
25.765485859251797,33.42093366481564
26.17966801094088,33.694938469884605
26.058558508158594,33.10679580963112
25.654124813948776,33.61959993449004
25.916754707083694,33.20817219816069
25.514577097015387,33.47253879707743
25.37748068005795,33.03294168248732
25.3215009426465,32.82996708314277
25.85375180129853,33.98856001759943
25.59657462384705,33.018336016259056
25.783568194373675,33.49764097356305
25.617058589271842,33.75167064238255
26.196194872829544,32.91418389912984
24.83148252184622,32.69219826833482
25.675750652023197,33.31770685679527
25.6031207064778,33.10568606317548
25.492753500475196,33.16791352688142
25.508662606942256,33.49317101773084
26.136460118120063,32.7808255682
25.58650402707961,32.766345661530494
25.54475957521561,33.15971068057705
25.605187783144444,33.48660180876561
25.509396434721033,33.62216054915745
25.610922767803316,33.644820394719126
25.2720947575686,33.52472271807615
26.0247148863471,33.67505681768163
25.545789925370972,32.85867963900744
25.544908568810218,33.31724465920529
25.338721650793993,32.683436677178214
25.58173483516387,33.5269554242497
25.39948760661408,33.333019291291784
26.036135989402762,33.65243807403566
25.866255429193625,33.92104672184529
25.813368253643347,33.406618836533866
25.774301563514378,33.7422737755253
25.803865201665314,33.530988892725844
25.598747227751993,33.181264003327875
26.38918325325941,33.54426208236424
25.50661374124786,32.348202021318116
25.276007689198497,33.49595737605766
25.605675539362043,32.77608814872838
25.216895870355913,33.001237871770705
25.804216677932985,32.579152356746846
25.87084085290881,33.394736501975416
25.44724846039411,33.07472863504223
25.742120183696162,33.08695402524086
25.59727635744472,33.20853363051721
26.032170089653675,33.46319029547477
25.331044434501372,32.87791074028371
26.376880684844668,34.17257589780773
25.741118032796503,32.86370079109454
26.006049633035847,33.631636520310124
25.294926287007307,33.29153301514683
26.073275508935563,34.018937194657745
25.52542184705044,33.047280316197124
25.679785153846737,33.21659759142659
25.38482063285647,33.62297101877891
25.99586952235054,33.40182064505826
25.11103137171018,32.73905664195581
25.809245501299785,32.76295253893332
25.692901473742506,33.531785641008675
25.785286958206427,33.192251365377075
25.425129545168936,33.47521027644367
25.600329308246142,33.1867777818874
25.54474571110393,33.09223997939157
25.648767404903648,33.48627563655569
25.535726844205072,33.05651085521133
24.98248417674443,32.23903895258853
25.956336491299215,33.28611116578565
25.486733713665824,33.39310395052454
25.250313649315032,33.07343403964148
25.249830476508315,33.50999796134496
25.63843608259804,33.239672672753514
25.292961521750637,33.07395211963444
25.969650882472873,33.416939599538274
25.6737941064914,33.4825830172851
25.36870397480005,33.20014857412309
25.92874988049757,33.54845988161671
25.48879818068711,33.26590580191453
25.136552961100087,33.03420700373379
25.621761460787717,33.076691457529265
25.566929292213906,33.367818835521234
25.36639163694422,32.668336750793905
25.66367962169179,33.02672027272813
25.269933507700642,33.52213559263959
25.41437796623461,33.61126175396135
25.801971107032653,33.487651526299494
25.977479570872248,33.150042002779635
25.253895112426353,33.27158060103513
25.6939537700821,33.172844017185724
25.53915641024398,33.610619928925615
25.951817892148295,33.140869428836865
25.443769506423493,33.47722880824947
25.295946379225363,33.012690269467306
25.58501063272637,33.24381143602543
25.82249383087398,33.18546710115099
25.810310373430596,33.45888099557962
25.049298455012647,32.604916934154154
25.654747160746815,32.77562216025034
25.921760605514667,33.50089462591396
25.6194015984713,32.81171548072085
25.71807373764846,33.21188435566093
25.695020488868803,33.581489266610895
25.40308349022167,33.31934070579369
25.75238039397671,33.19245004150686
25.662814150837654,33.189619010545684
25.89728624611904,33.4656622100054
25.846510550062696,33.52203880017527
25.53779657707668,33.37694462209893
25.96791311689577,32.86957039456504
26.15139232440287,33.79331468557005
25.128117511772444,33.218188217848194
25.088050594726063,32.66839179365035
25.618501728501876,32.842971372418546
25.50460153821775,32.92497120196469
25.638168625540093,33.231690408804525
25.50974650443178,33.356012912967515
25.8049193191394,33.463372356589375
25.952071400001934,33.675406409390106
25.814207159700942,33.324914798011235
25.614482351569464,33.52643181836962
25.791689393760564,33.25221212950747
25.799808235986557,33.80662404790006
25.277240404558114,33.46124917973502
25.99782365474156,33.86504554553163
25.99230571633445,33.09347905540942
25.89750400849063,34.05655287442167
25.358549365058305,32.69090934367613
25.743854688389078,33.00382237846675
25.274176508441162,33.14107375953101
25.319326393105037,33.20130459080725
25.715679700633707,33.56533587860978
25.548251458595402,33.62598230739623
25.367241823688936,33.121184109291626
25.914211338583495,34.03421165401285
24.864612089003444,32.829903502934485
25.20473153678107,32.812232276157275
25.39920624153873,32.87054141090644
25.517591857232595,33.146590079429004
26.091346165716292,33.72578776435136
25.65447686080445,33.07994560863998
25.877366120742327,33.25681542982015
25.282195072474227,33.38520557573072
25.485345992093983,33.23024260727241
25.361278608238422,32.706365730605256
25.715879286926082,33.3013554689485
25.90035276424829,34.14424279282575
25.465794474477477,33.40866160062034
25.450088988751844,33.15066920338184
25.87613372376301,33.229889966269795
25.650165450844746,33.451893713929316
25.310197975536134,33.37099508473395
25.08792024761293,33.64222214098669
25.78098939719516,33.309121209672014
25.094896700908905,33.18561085498306
25.089975522705966,32.790840932461485
25.926560376982334,33.21480369524808
25.600600651796068,33.660803509944884
25.66734162339661,32.87002525160716
25.867330103245088,33.50947322707809
25.619826999381754,33.47608822251836
25.814459224606907,33.636656943426196
25.7659825787665,33.48852836715239
25.472829900962264,33.25534194066271
25.88118444137887,33.23068475534809
25.699519570938488,33.24589852248572
25.581958314289224,32.49733515687707
25.251903426939826,32.99919348866962
25.291493031176493,33.24235385376972
25.407537623525542,33.45774650105146
25.099412251409568,33.266983531878985
25.67703766657536,32.284993275779904
25.819651967718166,33.03589611262231
26.292508684356513,33.80023090043774
25.319358605403313,33.12651346818294
25.894196382806008,33.23104866755942
25.525859249799673,33.160718450991226
26.029231903227455,33.52402723161357
25.512135968232922,33.16731778134614
25.23387222907294,33.02035008529618
25.58142787565373,33.32135491492436
25.631222321027895,33.192003315922946
25.934272893516727,33.69142084698949
25.85273551666281,33.58846385838392
25.629748622809597,33.20483597238665
25.656348695575122,33.181297821555034
25.969469235152832,33.409836340490976
25.956671161740406,33.194780779995206
25.59644861238185,33.826171142580556
25.712216907866,33.5439518128268
25.51729314789869,32.832414475599236
25.680924813204268,33.27421933563189
25.070769028253924,32.848673885248644
25.786603288616533,33.59177479410372
25.39435797978002,33.13150414223178
25.65849314557909,32.62599057303915
25.517556199379158,33.51105816161605
25.407101150287268,33.10806421589533
25.27344382093064,32.933846618806506
25.16242649248039,32.929678521415866
25.37065858033079,32.92459255021738
25.62802619348331,33.5426352227832
25.588620795082164,32.96514441658679
25.52761759040291,33.38269741488973
25.557943086961114,33.10311898479734
25.504131834588513,33.09073034089005
25.76761024194697,33.32550383067382
25.730905999761536,34.02588610805072
25.215798368139843,33.01350752499517
25.627123234180996,33.413544908901585
25.294813391203906,33.53483209196687
24.930512509197456,33.18473042623997
25.38678359486349,33.135345666897
25.28741559797442,33.09892521462367
25.862110197300947,33.40773645113897
25.92310999286945,33.42314306784684
25.748978478080378,33.36134574213898
25.383085732904593,33.68488525258285
26.222801511206683,34.12960965268779
26.053106499164997,32.94393468795844
25.57458305499819,32.38919562040226
25.45820316888076,33.21216861160231
25.081545729470566,32.91231561877832
25.984578215866836,33.14028591337088
26.00628104649775,33.37761806815111
25.66524509373225,33.586906131346005
25.64852995047758,33.336927276062355
25.78175131951986,33.33900701621011
25.91821970358913,33.57160896750509
26.16401816855901,33.80234786423996
26.03065494898779,33.373661915397264
25.673436914359208,33.280944170097214
26.07637475779453,33.469210354492375
25.561267334725265,33.76750330091276
25.30960372413669,32.81159565103694
25.294587850870727,32.419445637524035
25.65814764925308,33.490015259586634
25.910036643807466,33.34248506256023
25.707307514191918,33.24494715635352
26.07399936783978,33.19155681775285
25.93939656670553,33.64412679557023
25.473677108390778,33.48777124742736
25.32577876577283,32.84329020031928
25.67370061896439,33.86039782937539
25.606592211029234,33.089004725754904
25.534796460776324,33.04128553403152
25.859506496036687,33.15548513820945
25.810307408579288,33.26720073235517
25.108274973323038,32.95187201756195
25.987572221267143,33.708439514446084
25.65564600237625,33.47811675289238
25.552945650936152,33.11292039193562
25.657480521895362,33.12616400201726
25.732120490140495,33.70268758525205
25.659602572883582,32.54841311582121
25.56395862537808,33.69850702474883
25.6054964505993,33.056937235222705
26.329405036945683,34.04235318690715
25.331745088840393,33.26379969634228
25.633224397912656,33.93263993091035
25.937639281669846,33.499252935758165
25.579555962049735,33.045735514489024
25.445027700586472,33.29762254724931
25.40808824883027,33.459132586829405
25.528392480054023,33.31594880295096
25.210176318110975,33.354083888983915
25.58471738187169,33.081730551232305
25.72354394078227,33.24745181220669
25.27515492061795,33.32023599650064
25.759868729362765,33.53049340876581
25.84988241794488,33.32314932946698
24.486878635429704,32.633588595944396
25.468087380570402,33.242464791182066
26.03931439444128,33.292309327328695
25.163050203118377,33.29388686712623
25.465258917071964,33.22587535369237
25.937019016932588,33.52775440734978
26.30230653758448,33.9703102487096
25.21338697651008,33.1621052034666
25.656831889165396,32.84536321662058
25.437294554623207,33.25204039356047
25.897053588377716,33.215770052287766
25.938225906285147,33.547857290194
25.6647929590198,33.22990874387416
25.97143123517059,33.46354443284059
25.66932252426543,32.950253871198825
25.42361663674549,32.99437162982458
25.116653084188368,32.59130356514053
25.11443499316482,33.37516637885059
25.49726760026487,32.68836819317267
25.831003951533877,33.15592778394583
25.68486470687277,33.466462464622914
25.556938251567686,33.08725104656005
25.535660495806933,32.48041405477505
25.594880564805322,33.178761645272516
26.03842651379028,33.232245616203954
25.74959767924589,33.471467906789684
25.50601001043568,32.618449141117566
25.60195803227435,33.248739138386796
25.867027262269172,33.259708192436946
25.645379447443446,33.60455653028362
25.762979515768777,33.39523146663082
25.329575153938993,32.92582606738016
26.08122312493292,33.773204572008666
25.72344486913351,33.24250177324026
25.223819085890653,33.470668799194385
25.599873159188505,33.29369373742945
25.2346450901223,33.204502754882185
25.66414893644465,32.881564994698856
25.783392593802525,33.83796918715699
25.579751564832588,33.765481170690464
25.490849354497872,33.22053099113657
25.27307651723739,33.22063856580641
25.783152608421165,33.19269930241967
26.017601937206997,32.74978353473081
25.86087542653161,33.132235417456684
25.462596115092822,33.49106295155797
26.11178311133769,33.28831863833424
25.94444343113624,33.468664060893026
25.574209840111678,33.30507911185084
25.339137656915614,33.002391474033686
26.210355432998657,33.72106317368816
25.70661392976963,33.47669035546091
26.066785231055864,33.577335282279684
25.608253825761512,33.53364383869861
25.34953047237117,33.5675379162578
25.56313718523576,33.1822592904635
25.263264006526033,32.91353159595213
25.190574130429773,33.19490174310891
25.54994149508945,33.65668978466738
25.440691359427333,33.257259775165984
25.763956951391243,33.65013686394989
25.429916476882216,33.69910610555263
25.863942119779036,33.316383667411415
25.70076570054361,33.48005011121114
25.759975218157653,33.403859665189884
25.83311133032195,32.79266744792199
25.683159228168176,33.72872631397613
25.667816358176523,33.00040168744458
25.98960980047109,33.4302525425452
25.87612446760005,33.587872811718086
25.520852667350287,32.66684653377953
24.45012226613162,32.591449006998396
25.117702471116083,33.139012255516505
25.220920584398765,33.83468619663037
25.9223969772529,32.92946001589236
25.983769552597472,32.57606004682746
25.532813319707767,33.339638360401295
25.614470069077253,33.094996093090586
25.553195945061816,33.58522212621874
25.290181278977585,33.27932316154101
25.375725487770044,33.33108283162456
25.661259010085946,32.99495265672462
25.77098923030358,33.477802485938184
25.28963141888228,33.37327688283642
25.018502545407042,32.812739557750675
25.332666381507714,33.49661249570954
25.853945816007535,32.80011212486213
25.87426649583001,33.205549017225
25.470934853755093,33.192604171629554
25.83375803594951,33.48330500766963
25.428827522560375,32.58853840252732
25.597155129260045,32.39766202377735
25.54237435768165,33.263341680337895
26.04926729791918,32.534084988319464
26.176068196561705,33.82435077768139
25.634835429857137,33.379766570162154
25.727572234319652,33.238698213906545
25.618828558800203,33.55009581220844
25.69436188210944,33.501407483753034
24.93907343394714,32.39837814922991
25.58242604532083,33.36387663279171
26.10401180826592,33.31913554439787
25.693748111174173,33.608179992422464
25.31061083795575,33.13082782363289
25.577933441533975,33.404826868486694
25.563133079519115,33.345975487282765
26.27945671985531,33.75329616879732
25.814390284585677,33.58661965789562
25.60775860321539,33.71485086481095
25.47901525154844,33.24851859585911
25.64645493304958,33.45141714623799
25.941403883001833,33.43593487889836
25.76495456891332,32.92168269258882
25.709480423144466,33.568021285376105
25.929831720339966,32.80282429383736
26.310161667430375,33.75617552207662
25.83737020825215,33.680863668761944
25.84974376152151,33.33086876474799
25.31336546146445,32.77715509779638
25.326247933069418,32.82796339693776
25.67700361049808,33.30312592537967
25.720886243886817,33.15707658464194
25.879970419699113,33.726715464360076
25.106696779068333,32.79283450514557
25.94860523972293,33.355957286509856
25.547790487034714,32.88003258895837
26.20659732717389,33.73261450769051
25.76260794182266,33.10741771424856
25.541762392751966,33.458325245670196
25.42053608397505,32.564754047782856
25.928865367580116,33.447230217478726
25.33242589856583,33.20764618857018
25.455183189761517,32.719749516897856
25.92350264730844,33.687184854890795
25.35369941181346,32.923959214447386
25.75265166753948,32.637985684709214
25.45873382307623,33.69297932899253
24.798332882886466,32.964635911912985
25.410992624865905,33.78888267038611
25.62871848218422,32.71947166801734
25.13064714529408,33.095808372672366
25.720190069172777,33.27345002416814
25.98167067198008,33.38386660528305
25.545215729608834,33.34210528603377
25.70863203187678,33.17852596247599
24.92636579613003,33.21036497454549
25.86296561082909,33.52454770478537
26.059572773701404,33.70976365058246
26.01575361501201,33.64962855761911
26.522109054464053,33.56454820628613
25.916745045845435,33.25082746438947
25.415448255534606,32.48010270290893
25.500404511175734,33.20798844726828
25.37809807049759,32.4476895225946
26.06222245177641,33.27682945531544
26.23754809473194,33.560033322562916
25.23763723388336,33.48380842097393
25.826045974238117,33.59872826731159
26.153925078243624,33.51313904775196
25.965589225789184,33.30438304665512
25.677131482948923,33.20538094964575
25.55377507413723,33.351267788485806
25.953734225343716,33.030686657906024
25.70394152309248,33.583421974296485
25.187099586981876,33.177101600754
25.46324707451608,33.43715416355652
25.885153134380804,33.16873780216741
25.73907553755913,33.5399287503878
25.598734860222645,33.532624173967044
25.80495236697291,32.716862312264915
26.00230391128173,33.64736107891668
25.726096612051336,33.90830935703528
25.66981597222737,33.65489307437803
25.80183787070719,33.46643657673555
25.767697055864936,33.211688044162386
25.925635137329834,32.75126008935963
25.764793628710642,34.04142140684185
25.477461026010605,33.02986350829499
25.923221483062715,33.60285424830912
25.645727235745507,33.052014976986854
25.772920866840366,33.36406456573597
25.68188080691413,33.293043951259
25.68211474070885,33.48274635108109
26.075167852769038,33.07916851452517
25.841135190234574,32.95803360732953
25.85392077469642,33.76380577930565
25.58228828671723,33.29123838886567
25.792865551497798,33.645377653201265
25.126917609782097,32.39418702417811
26.14293379226771,33.29753431585439
25.96233342215165,33.709510589499665
25.196331407448127,33.42011887405951
25.81273008667806,33.07512069547353
25.089708818518844,32.890057331336706
25.461686620890237,33.39209324157615
25.479642652912215,32.943383589731745
25.556106805760944,33.347135199519755
25.209067433259577,32.9399542299902
25.625809428804093,33.416173825910555
25.513510252200334,32.93327558414352
25.683939355374783,33.99966755577359
26.110633903191342,32.74525650183605
25.397797894275683,33.50517085893177
25.36052013501236,32.90288848881241
25.8982888723273,33.3138807661265
25.178670790278677,33.057258320418384
26.18717167611899,33.743012595749114
25.952553761129955,33.70604544169318
25.301689374651396,32.99035199257786
25.692094976491028,33.53691391037872
25.784832409442927,33.65402459240308
25.88714371454197,32.7623192600097
25.41286008488191,33.29083129763856
26.10605321175085,33.472017593237005
25.43561440451198,33.09446039524562
25.124816882919163,33.56253048326805
25.87775345233639,33.84775772780662
25.816106603694205,33.460259783903616
25.503294094227122,32.95970207501716
25.601861489694205,33.49724298575857
26.046189149916486,33.409575298807326
25.339138949607324,33.26905371914669
25.68085192919916,33.191339481188
25.328455905471575,33.25888209704209
25.594379002959872,33.483523475022345
25.393997430621212,33.09240599389225
25.605536933092807,33.55899811048636
25.314529090481273,32.966981408607396
25.75260536073415,33.43579351920377
25.324877045003888,33.14987236833563
25.541349795635472,33.25628716618805
25.965534800910945,33.464278729740165
25.79390556963935,33.280093023523875
25.99590464953877,33.61608599998782
25.569673273602906,33.81835831497422
25.879478497441234,32.50256551533327
25.70348303815553,33.50311727392609
25.825534303418422,33.653388064049246
26.326502795178605,33.622366177634234
25.892801267790162,33.453094107283626
25.577416877072373,32.99114408660097
25.583593858276892,33.40490825416379
25.591496112287384,33.492329489734914
25.791539251698033,33.0473787200997
25.57604867587509,33.33668147016955
26.044265031859208,33.440194034499406
25.32285251340513,33.52419772934702
25.487645225576234,32.93693065327292
25.789139180223486,33.12031381153291
25.656050122100233,33.31975318532779
25.955610169611035,33.490284555956535
25.621781876208722,33.3586384694579
25.246027043258092,32.91876712798987
25.798944273887265,33.177350259078295
25.3952245947576,33.00470724152212
25.678775722949638,33.30233527566477
25.90351769041085,33.543538086549646
25.681703959144922,33.61500015915253
25.7074437581152,33.54342859627963
25.544247130956325,33.0048221749643
25.74154977977907,33.26275813640858
25.55692195511002,33.020428979868484
25.031071854559332,32.863224127635426
25.395766800753726,32.66533921617027
25.791519454698374,33.52670476778492
26.046922951945977,33.762992423463814
25.84393695011622,33.05159225631879
25.988234743618044,33.96327925551289
25.85454282018398,33.12583342220979
25.802681031492387,33.23845891315328
25.280421410511057,33.0899253456678
25.712849992615123,32.965345584779485
25.42087892289806,33.475317875126464
25.734845895144854,33.187429137134416
25.026482226232442,33.06188197593657
25.160389243013054,33.72398765795261
25.601885966051512,33.24979394766885
25.871761722630936,33.58306771849048
25.739240549096657,33.32437258708766
25.705621865848208,33.36320790462652
25.380677134950073,33.17192641224449
25.4390524812572,32.758660549222476
25.566750807685263,33.52275228806987
25.637361078171836,33.10194081496068
25.162189204985754,32.95337811712869
25.885074864366185,32.82848361962182
25.884255142828483,33.868349378999554
25.479408897122056,33.66027332960208
25.425085209123026,33.07472724182553
25.789846373525144,33.196379247861934
26.102664014003842,33.084645010159264
25.52771768701373,33.37857621533447
25.747351208723174,33.07193436245332
25.641565446181637,33.23920038469859
25.65139023924293,33.198834527613265
25.180367073819077,32.722410823585214
25.785145705225943,33.71415512106544
25.804963384243365,33.66424606163493
25.787370431239143,33.20639333052678
25.91211918316006,33.3847802014941
25.28081257071856,32.84897732568646
26.07805055478392,33.11909054484626
25.427308050034647,32.85377543879349
25.37055483265273,33.49220935741399
25.380087038323484,33.037002515099374
25.199476442130504,32.9845769345239
25.680139611070416,33.068629992600094
25.8241890675789,33.68625855058984
25.25756626462201,33.22250521682217
25.765263554645294,33.52679357630037
25.650791475486,32.93611079050187
25.61404445491123,33.01512257502253
25.21086785643483,33.09787293593313
25.233903957818377,33.64973815710987
25.560257593480014,33.45150077093385
25.605912204341703,33.42365392546696
25.566950365527667,33.19186810035623
26.30288880482903,33.681874914420206
25.98400600412564,33.36208000707522
25.44121154329232,32.93625515179306
25.490839343797873,33.23963825260737
25.596438427958045,33.17572135877282
25.852176511054797,33.181064568369735
25.343635168058526,32.97882081452597
25.88855357223623,33.05815215976805
26.263046394322938,33.4444853481016
26.000984388843907,33.822015182142714
25.49194591600493,33.30509234976671
25.561692904418177,33.43216638778586
25.50703896795833,33.251387785183596
25.577727118464775,33.31054430100932
26.204930285082686,33.988467622589795
25.149956055111268,33.62614109831899
25.743764863768952,33.607262629949474
25.666824645966468,33.20038505286757
25.731454504659,33.132126797773054
25.255811554919404,32.916390008449575
25.740657563211197,34.18781389820805
25.689697470162503,32.9211463496628
25.994402661909255,33.68567291276767
25.657379717950512,33.52863276913809
25.930787763661304,33.83801843333946
25.737238424512004,33.49307934664645
25.62005430913815,32.958466515334884
25.781631479637795,33.64146448976561
25.567116645880656,33.06911112678191
25.639790460579544,33.37144265325019
25.46944412843346,32.925898604203454
25.53904786594115,33.015008910985856
25.386774378675366,33.54249037578469
25.384378159674455,33.28386002536568
26.098183827737643,33.83962596570947
25.878676660177113,33.5472855996911
25.178880938073668,32.562072609943904
25.394196504536367,33.61089282860585
25.56723467933784,33.1226411214405
25.968849035204933,33.19417731245791
25.32499503116493,32.94998423196516
25.535156838658132,32.72787063326052
25.341559635560724,32.53875151075199
25.451907921577078,33.41017458840024
25.296749914798912,33.25254021602225
25.989205399603655,33.532409312635146
25.67595522925269,33.64572951457798
25.794549150587482,32.61253937629694
24.401561456337085,32.59339313311531
26.186716597502624,33.85300523561625
25.577444043070198,32.91635221266843
25.27645120072197,33.18791955128346
25.49662537379215,33.54467049643493
25.62125315914111,33.32950272718543
25.973138357694452,33.58481305598475
26.035005118952306,33.57005662631323
25.2791345193257,32.906720108812586
25.700883221201153,32.90210786579483
25.67704119953555,33.78699067552061
25.162352652449016,33.35544801433408
25.481932896408665,33.21473820166434
25.685533741519883,33.14483433739737
25.738416156282533,33.560430216466166
25.15648061371979,33.146680628774746
26.190902789379994,33.28081778680076
25.5199170673871,33.19080317629601
25.479782959970578,33.48898083476031
25.888531685655884,33.098224363832784
25.980826701633813,33.592009541316095
25.731675079044614,33.04104413637348
25.455239181962174,32.597176193629096
25.545503349570996,33.070878513650115
25.649972857842155,33.703828983381655
25.724814601533286,33.48428040820036
25.502864184435627,33.000719320904174
25.283004340611654,33.29969456889198
24.824340560103025,33.123065537849534
25.682287582138123,33.24074156757928
25.879975813154083,33.432533752386846
25.63225972576669,33.03607305149724
25.50395032051827,33.456135349686654
25.520505793828644,33.21375838679422
25.627404977670388,32.735335644454594
26.280318939808925,33.89114032695803
25.782021418676145,33.72642008963632
25.62966739574514,33.23591532413039
25.738470230164378,33.20581768830977
26.095861046296683,33.761362840888005
25.643575052289016,33.363933586219325
25.818136659917247,33.425183269615246
25.224468779776952,33.081229148327395
26.06894371437836,33.933764175072824
26.103897829119646,33.65906284653826
25.643792367775198,33.40968291737898
26.092300394040333,33.500045921505084
25.374879737046708,33.25760743146075
25.05830215593685,32.58282699498025
25.605451954456747,33.505721607780295
25.697507026425896,33.702557208673035
25.576439580292938,33.37973803082885
25.988747566638594,33.70718108066079
25.547759361725163,33.774293245070936
25.73709763503846,33.69097855749499
25.065306893098416,32.87104959072855
25.388541142235027,33.13908866910597
25.75587351741428,32.409087017371675
25.28717456405648,33.07130183869041
26.127493846080096,33.28033412132285
25.924293282658738,33.16795487222999
25.95467509727313,33.13842456328698
25.241550912042282,32.93836150744324
25.80579087678578,33.51036143550423
25.4059106751918,33.00326090520179
25.855632748053374,33.2778559062065
25.538956970966442,32.5908284753264
26.06518829342505,33.2959545047798
25.672548173192805,33.26069915642519
26.48335358105112,32.77522540237496
25.788745498354135,33.323330607320806
25.977403444927955,33.87776610719897
25.35305272514629,33.37511400413541
25.497711061996917,33.270487270566385
25.534462049128482,32.88754218068932
25.612465287046657,33.08366536883171
25.2431632695606,33.47470209137214
25.58888607235381,33.01913861840574
25.132492259010892,33.16513952401202
25.98323964808196,33.77881676724965
25.48626210312737,32.55582161656412
25.78188716634652,32.887246302891995
25.866369931057868,33.63501250011495
25.589410017006458,33.72583444016183
25.439213889172123,33.39107922648737
25.055227336026842,32.95714733552224
25.370799486132043,33.42491305852451
26.109066431953973,32.8054562350197
26.20998005298428,33.76058082141288
25.711708445122266,32.67882693697278
25.590173785523653,33.19557553665791
25.60652297792784,33.563374651121535
25.93576890597007,33.75078711312458
26.06804273463204,33.59102051330776
25.612034796075562,33.097464446814705
25.993652409412086,33.20909802564289
25.663049153495056,33.239636633552514
25.883242610219316,33.56232037984102
25.506935537293987,33.32661750020393
25.678619530865394,33.0198319007428
26.16996958448802,33.810462861979715
25.094736142091516,33.26507439784399
26.000866378627887,33.791075308640295
26.121133199007218,32.589041046361615
25.622984290434907,33.30447008827689
25.2178286895798,33.12489545352492
25.560260618011455,33.368114181694715
25.832415325932512,33.22023866405335
25.545835923882404,33.13523377904267
25.5895055038182,33.18573355342281
26.226210977988522,33.77366657093496
25.668684579788444,33.1231556446331
25.398062367315408,33.326027626025095
25.701032764499946,32.68229847498348
25.925959717686098,32.921893967140484
25.42133030680077,33.38675018631062
25.933745580295966,32.81289483365053
26.10885211316094,33.61303259291745
25.392861183235425,33.38480696392388
25.830641524621516,33.31826843344305
25.975637901999434,33.74400563473081
25.841503338636418,33.771259816153204
26.13858910985334,33.169347981534465
25.51064281295186,33.43928665080621
25.791949230031957,33.227235188302664
25.917928747892,33.65799990538785
25.926871825952354,34.07901350650449
25.688923456815903,33.56960746330326
25.869113780217997,33.05331835385734
25.768877689927074,33.246619737520405
25.951071407535842,33.11605768039239
25.72370854968496,33.36451582506619
25.258443744892155,33.42957726010189
25.96747279368915,33.95569431923609
25.853067017344586,33.5900699343757
25.577824577946974,33.40423610568544
25.545954484375144,33.434746221890734
25.982734005927355,33.630564439448754
26.466870642876575,33.62266626782917
25.519246359080665,33.379939604339846
25.566262751843265,32.91515947397852
25.694046054534265,33.81596122336899
25.5240390017568,33.609468100252926
25.9929616283425,33.38372382866321
25.486146944852234,33.14845129619157
25.996305764217993,34.11698530657521
25.389729222276543,32.948969136100345
25.97648865461378,33.24770724374017
25.927483148764736,33.7710361921236
25.37875127521805,33.29535710302434
25.35966382956317,33.04007869603714
25.220982737026834,33.01800653458737
25.570294528233077,33.18427308121572
25.398596663990382,32.828992249833874
25.374055594194438,33.18606950243921
26.093761895142077,32.97623896946857
25.755242770857716,33.21702012161924
25.96300549863112,33.56410531132022
25.445627852433493,32.94561281127762
25.03469510130765,32.82308927207362
25.971544602085817,33.345285102877476
25.740830766437227,33.22888782955864
25.61161381630885,33.57457850658919
25.065377983187513,33.145896632646796
25.834918016927656,33.07825775908973
25.486613689922166,32.63824965670715
25.25297063540329,33.17790745359759
25.610983443392506,32.95393328975119
25.843816823120697,33.29474109498212
25.502147462448928,33.37998929301272
25.36082690080746,33.037945360716556
25.90709010645447,33.2287349976199
25.75388142597874,33.44072384222461
25.921423320808536,33.41935776598688
25.635027953629994,33.442691211005034
25.74255916442828,33.471542249425625
25.175428733537526,33.09027955955634
25.596132807031083,32.85631254727843
25.394747911883034,33.287052282578315
25.679049170079356,32.7699010793006
25.381678001812183,32.88818652479446
25.011055646556212,32.652733874629504
25.771058641489468,33.49839104059489
25.805450396126886,33.38649422193465
25.962217417758314,33.534000311856396
25.484819353894643,33.26864644761234
25.63051196741811,33.30481556243685
25.560143875318417,33.9272078918856
25.797106310478764,33.486304178661754
25.756333735309997,32.593766858327015
25.477907488547075,33.370738782008004
26.086036603142034,33.54316442453821
26.071648521178062,33.575455262818636
25.66156966988947,33.38874245363136
25.50828114383449,33.30932146096751
25.427810597256013,33.73748573542702
25.713554473266708,33.736649124270784
26.00231294474322,34.04192789797864
25.580956056558758,33.377007278027186
26.037539427592616,33.58638468894943
25.607645510993088,33.15239545033675
26.028186033640758,32.98099323727679
25.859870651743424,33.418311929694646
25.84289978564869,33.20550909750224
25.80227085233537,33.42026165296106
25.892547172415718,33.54406836076175
25.542728785238637,33.52103896934043
25.268079250844504,33.07866859632465
25.93999212447081,33.40724192937389
24.826976497641628,32.86134862550911
25.433096095214555,33.31231560948127
25.517843712606048,33.18385876528258
25.59183608639669,33.003806716107455
25.35271886467091,33.083717485584245
25.54012971062045,33.12810192418627
25.606651540201778,33.31358629905067
25.8083495162875,33.42326609408751
25.62093821794437,33.0837776773086
25.647405677620398,33.19156799825293
25.50004903802188,33.35904403752412
25.8343320794039,33.70280931385426
25.781640943614033,33.163190189222526
25.342596072812935,32.989473207814285
25.709323930515442,33.00916047031537
25.37986444460335,33.00543179244684
25.74665993079293,32.886820395384554
25.549861338024265,33.239892584395974
26.060198707219396,33.804911988880285
25.23684901646731,33.39103208344844
25.10318223846733,32.69345005307852
25.720665984880917,33.37190406062711
24.945953844693932,32.955372499993906
25.679975756900355,33.402577129321195
25.337565837824673,33.21240247599404
25.561777281435827,33.135260061958476
26.110548969941544,33.387495065442074
25.47427227382189,33.142921670387445
25.264715743301846,32.81671746257629
25.43831727710774,33.08336073148276
25.488168759128737,33.61590155757824
25.83532222112548,33.260922387818184
25.539878478747074,32.97756487167443
25.7443203964505,33.74666002993136
25.4948360718013,32.98402965051898
26.050475247153905,33.16142281554994
25.473671074482034,33.324724541549564
25.3408241162019,33.433631106628056
25.64166529902739,33.52910178801642
25.92294791575732,33.363840367995564
25.51752280126048,33.13428027274546
25.41759427977625,32.991875804229686
25.72911266921435,33.0624511518579
25.507684036601255,33.201265726041065
25.146287455345675,33.01116765617786
25.71591847421437,33.025994186186686
25.331566998747363,33.020494788982205
25.505803796163978,33.323242429703264
25.49776774074135,33.26920704840703
25.41473834972752,32.91298846220717
25.64399635387907,33.7341580364718
25.69977900989827,33.9706293328289
25.97346292635317,32.85453453444937
25.751927968466727,33.35598728469393
25.56824987502802,32.72114585531404
25.914642282462484,33.2913998508621
25.416595832054725,32.65019077099192
25.57418617496345,33.763231133234854
25.780737100818996,33.771240788182205
25.91033327318128,33.4937099135379
26.057613141514622,33.72701811773098
25.673395471948588,33.39588444979483
25.791726806448338,32.95571472865972
25.75543656795559,33.384090463126576
25.154314839144355,32.988654642841325
25.855058712904476,33.290972028097485
25.707352017075998,33.554986285904945
25.78206588054787,33.56324814265375
25.34541893362858,33.33169210140721
25.549179599220725,32.75696279328999
25.606476352412482,32.642245222139294
25.45008428324374,33.51263706829976
25.36178762203547,32.78924601137588
25.71622130534319,34.21559463244603
25.8221256481888,33.51608775235929
25.437621895655923,32.764771959662426
25.955849033171404,33.27887222568522
25.03267104582531,32.66432443477942
25.79887377838884,33.26089410554437
25.502694178955295,33.678506992943525
25.609848710555063,33.56524131123182
25.761250090471727,33.250594639161875
25.732648314478055,33.61471433554334
25.943487345682726,32.95339891317258
25.770030974176272,32.9459869070941
26.325792968700092,33.21177172915822
25.624056644222968,33.0439177331932
25.203080514826162,33.02688180975818
25.712150844371408,33.241539941930334
26.013726655824662,33.89734952178443
25.192991885353024,32.42256850025502
25.864217708558904,33.62429713267004
25.68392913810856,33.65235974637424
25.780667714477936,33.32290250173878
25.756828141234635,33.940108590725956
25.84347940413037,33.64144992663097
25.604378328345117,33.00345633179888
25.53445978266147,33.12084616601832
25.739091008664865,33.08591874383388
25.024283191137553,33.536847948162034
25.453768001261505,33.44218034838144
25.904711946427863,32.94076627379002
25.707010628429437,33.05162422741205
25.206636255792205,33.14621235066622
25.25908914872531,33.45810415533781
25.469223724078933,33.65924744591081
25.7348614909506,33.25463823560936
25.73628403036649,33.308661614963476
25.76795611074601,32.72060080679617
25.472236319211735,33.27546716884193
25.54016180425505,33.3000885513258
25.743693776731167,33.18979472505325
26.387214094787296,34.07242450738794
26.109138423582294,33.9286377736101
25.741973519543734,33.82571221517941
25.359781652834716,33.35449431377587
25.667741329070626,33.05283988133309
25.793436089853913,33.18268230000537
25.681721521718593,33.40814380385796
25.61029918264975,33.35589997466644
25.796224137198735,33.41963327548978
24.934151219852005,32.908231115211585
25.316137145663802,33.404176334438034
25.586040581992748,33.16693749354175
25.632120228210496,32.74181123265595
25.05163662486963,33.242227483787325
25.72083390733462,33.30806190209835
25.704214376469217,33.42912387900547
25.855048741981758,33.46732796358078
25.828416705895133,33.45184903321569
25.970633340685925,33.46017975574277
26.028285571312637,33.35799643601558
25.492293311085067,32.737690232929495
25.817602644464408,33.285577439399496
25.82482708645044,33.319405781714444
25.44296321399059,32.91893266690078
25.656450933740622,33.39274483144507
25.635658162520368,33.20515092238101
25.448923578339553,33.59332542225084
25.793549166353326,32.40718911783495
25.812206453545414,33.048155586441794
25.383023986191766,34.094959975190925
25.664708517894216,32.96555540097058
25.15183534316308,33.8714620838005
26.041420570742478,33.180764761929325
25.76204030183962,32.9910017355278
25.794741453763827,33.115915030097845
25.666139103502545,33.44389788329897
25.5665203436517,33.5512175078009
25.680412320702413,32.952131958188154
26.114557527391423,33.65371876004201
25.408697321414742,33.50391764328049
25.78922517091509,33.53706140757044
25.648979122583654,33.57452780311435
26.153250255166476,33.59182373469154
25.284897453203527,32.70207397106876
25.359723793136286,32.66370238578113
25.384712740403028,33.0795008610976
25.791103218746954,33.62388852201265
25.319624902497164,32.57864508572915
25.921642999780687,33.41379578691692
25.687055471544248,33.52680001399696
25.609169275984854,33.325949693231266
25.57710454050733,33.58931761507134
25.23421348256003,33.20230434941566
25.602125933129518,32.99262015834576
25.83257936693974,33.437250649675555
25.287007729239214,32.84473530294049
26.13272936785385,33.87175779674976
25.90312236345679,34.234702526213525
25.277037034102836,33.242479186163536
25.923765813290707,33.528983954614965
25.692004328536264,33.50422987065012
25.597340472745334,33.38449738850731
25.74995507963092,33.59868064223853
25.441047554829318,33.54022018167824
25.83620968787457,33.933055014250186
26.083735051547308,32.94728962487193
25.74325733435081,33.31073779324026
25.47944236249814,33.34317060212534
25.96343957642489,33.771776772139255
25.806426887166,33.690449347750544
25.05834399193477,33.06150066070714
26.231269201133756,33.77606485920493
25.773284910318335,33.02960035895739
25.121120653142622,32.896600040999495
25.451329050857087,33.394409042960845
26.111608958243597,33.53111925016447
25.452834303349988,33.019648657509244
25.368598549004094,33.19803911901164
25.36671047133122,32.908532456511665
25.80742724024446,33.076857720897614
25.535527616362476,33.327256548355315
25.637545568849795,33.54301930394632
25.38510697656183,32.74694147073212
25.516133238907017,32.64533170450944
25.547304412957928,33.08840194846365
25.876047892008213,33.74722730102223
25.557402577045128,32.375125979030486
25.388691982729355,33.57032871587478
25.67757116950546,33.9496615616279
25.719924572414232,33.9235047563712
26.163639909682804,33.416112716660315
26.047031567982014,33.518200578834225
25.870502491986798,33.267813156259066
25.3765687284716,33.2394382035655
25.967982810405747,32.72716474256191
25.814350957180565,33.58694651608669
25.420909400200255,33.31726076375234
25.658175607644846,33.07891153380191
25.59445716724235,33.06752753175915
25.602345688947427,32.8320453218394
25.577684061861962,33.79478617757782
25.92653843388495,33.45883068537861
25.523389932286904,33.23187854604506
26.477918170629525,33.517939574644686
25.483847880213887,32.8803800591503
25.513664785679094,32.74132401816822
25.335165082253273,32.82057666295415
25.101172432503656,33.054898883825715
25.629284562706832,33.174544589899384
26.003854310703677,32.881510225056026
25.647250300251223,34.07464105752599
25.37508073612258,32.479407849301424
25.828591520712074,33.63889708563034
25.555399229523374,33.376855012353985
25.607025052933164,33.306312062405524
25.76965938885628,32.857046703867496
25.765098576551992,33.92814853221934
25.565802877343767,32.93529228988553
26.024198353786755,33.131594416070996
25.878029055027195,33.159501340818856
25.58437141170782,33.346233639640154
26.020215257304002,33.22933178944904
25.00150996714737,32.91163592290954
25.526128619196083,33.59870809141387
25.736966930708213,33.00300744664209
25.983091622190088,33.414178809436834
25.475589610814026,33.22533403884543
25.478642416499362,33.15421022943154
25.36313840427759,33.32123795457394
25.893770814486214,33.31567484097847
25.4219525898977,33.472163277211784
25.562608468422304,32.919709117551534
25.532442218704052,33.796109122893505
25.8851979278965,33.42147463311652
25.94522724733518,33.01305084593371
25.79638286805546,33.0427942389487
26.359623067764012,33.35334553669415
25.524197300607984,33.11168722911879
25.986168348139106,34.02129607002519
25.870053040792108,33.61142235139486
25.478128179492604,33.366110728337574
25.460708317321036,33.186724614679754
25.997421914042437,33.3189689974206
26.03190840550325,34.05380178617639
25.424442102399023,33.07611322637801
25.55055294673586,32.85101840399686
26.111410206012554,33.34026563489335
25.401247912161388,33.439372166197856
25.794346736600165,33.41644255477758
25.368912670977462,33.132964694559305
25.7054940975992,33.3555509201151
25.624616003359378,33.34948044369118
25.749812134147803,33.88052523840715
25.84381899475107,33.80398292275151
25.538910081650837,33.75179635431142
25.932783055460646,33.67650514078179
25.648215477675585,33.650693001753005
25.912603901587946,32.83346043329496
25.7483258408669,33.58501935330972
25.38015047473576,32.82405919460899
25.772961269278216,33.49348982293927
25.562083882674973,33.87165700352291
25.414833626795037,32.82840466038049
25.221954190394275,33.28010542984441
25.981256358019856,33.45063766993616
25.91347382434876,33.25665071295197
25.40025101652021,33.352594689508884
25.650833217856263,33.32084805453782
25.964812125683377,33.476593226840606
25.589629634040342,33.46670564756684
25.976473484132338,32.466216446430245
25.483167774387873,33.45630328938493
25.71640952440163,33.113043814902724
25.936476308212363,33.46731965927183
25.490722659468354,32.92896707303607
25.61263831906135,34.193013581881544
25.50717156232866,33.3040104316656
25.13496722121529,33.282465822143266
25.8038107312821,33.15613500229859
25.316686390209345,33.27537866618444
26.242036057034056,32.543742575308755
25.68980727292605,33.40465706858593
26.080458732431,32.96597403382411
25.84240481989555,33.57021942524989
25.339397375154302,33.0529794283747
25.733855567973695,32.59439601531387
25.882440949561847,33.032172288892546
25.434674109417358,32.68534286704964
25.914862323527522,33.38850488651327
26.012533385343957,33.51218877905977
25.288647017955103,33.55945417940502
25.52011115608849,32.988129383310515
25.92872817585053,33.6392139703598
25.30451447807038,33.0361777014684
25.933685275779396,33.78987696211834
25.91009753730847,33.532041100045696
25.41676889154146,32.86618248522477
25.906325058512582,33.80910703617765
25.66677445498111,33.242785653168355
25.840401507332423,33.49507130774592
25.403229451179868,33.62644243383736
25.860341219816974,33.22390125556436
25.531957606905483,33.22252598778453
25.814360015182274,33.82671271793376
26.10719792908952,34.15311360675071
25.512332479301172,33.859463486563925
24.89219046950377,32.95214767595376
25.407516686671066,33.227782619199004
25.288450954143027,32.70376786608348
25.778759157129084,33.29562878303387
25.648696582362163,32.81414004915452
26.14398308482744,33.08870414442313
26.59092038991407,34.45051802598183
26.05743526289909,33.55534921319007
25.992784997031695,33.39049853405268
25.987067907192085,33.195839337875945
25.53629345142481,33.090825333552935
25.43275067210886,33.07286196844108
24.90428145724348,33.215116419504284
25.418770198431144,33.414749259698894
25.147241433355227,33.5432368183425
25.833785409796178,32.98540834654097
26.011118494745087,33.77597880805363
25.59083526334887,33.43090159970039
25.527754293838072,33.15685656122071
25.53458436241781,33.07152483892832
25.53714232524014,33.41196319005265
25.93559439563863,33.04348306112661
25.564596559342363,33.09564867133719
25.9029432459203,33.202878641129786
25.753568328846583,33.236301103929435
25.867286373693123,33.47771384123194
25.642842697480386,33.474954171660535
25.723021861559417,33.2048977716654
25.12669564713871,33.28106187441505
25.581200400108386,33.714453937633515
25.824821537733143,33.621041442081264
25.935445715723972,33.487940238969934
26.178740714374488,33.701585968989214
25.85665181459412,33.709523104610284
25.699628328432198,33.09342053484148
25.84532516217524,33.78510523455072
24.980098284025004,33.02389197251656
25.77568318734222,33.28427713087011
25.7726023305439,33.368995934016795
25.503564763479385,33.44965615631393
25.547975262730347,33.36739380224801
25.928090476672747,33.794188406179664
25.77827877346704,34.00919120459791
25.224675034053142,33.104169783547924
25.830891371940556,33.793573694867455
25.469661310614843,32.99039949361167
25.212991222205865,33.08427868558915
25.496042369004247,33.28304604802742
25.733313436431846,33.08697441621156
25.392865314647004,33.19953504224946
25.76059437613208,33.34516200669804
25.649730444387128,33.4137951097916
25.68157825652395,33.50343800155495
25.515307169972356,33.473690074192845
26.26822799368182,34.057212756826665
25.4524188199629,33.35891768111898
25.444573281007223,33.048596231976624
25.846732546754932,33.54969017915904
25.520471356561252,33.1670128620879
25.61770051329294,33.6165880887481
25.85443962237852,33.44247661780179
25.583963372309295,33.088950213626006
26.09511213055446,33.08545307137712
26.06644267681937,33.5221135444604
25.336932529552215,33.56917384055665
25.265331137914146,32.821380693581894
25.153073651276753,33.039184584901754
25.581608568929443,33.40802624240766
25.442214489997923,33.03638949641203
25.157591183938386,33.27559687984518
25.939905017196818,33.48005308494976
26.25622453001957,33.68418640471087
25.281641963635025,33.04436373508459
25.629145320755587,33.13100525253821
25.88351328480293,34.046315826538724
26.07490201739425,33.16198096860359
25.22940917126699,33.0646831428016
25.610310550718765,33.2175262786418
25.66846363464953,32.94963380999102
25.483634601264868,32.9228639155791
25.579391942958132,32.920172080863665
25.879347624130627,33.602073413949995
25.541557189518727,32.967212730147644
25.970958012590657,33.30091150682941
25.604436779711804,33.14834055952007
26.103668305308137,33.86740266564486
25.789900224789488,33.74684148563645
25.572767945085,33.45084395214788
25.136932262932703,32.929712106068585
25.540024695672706,33.66265456571496
25.575816013460763,33.45329895589703
25.61491531986554,32.915095475087334
25.656911995837877,33.2401975514681
26.210457998340942,33.572244103739756
25.827165924568625,33.050093981283574
26.09922922774744,33.7373589686208
25.663217123259777,32.844614816519424
25.74910984629844,32.60675629287616
25.615905116707143,33.083356930358605
25.2803925774612,32.90566482463399
25.729145368268952,33.79110297076899
25.523269985283335,33.028866998358275
25.690011225742925,33.46174687455566
25.470746770932323,33.094478940593724
26.01533348743699,33.529475480048866
25.81981611404124,33.013817303084835
25.231787792746037,33.1082861348995
25.307961701819575,33.28847049332862
25.65312278612425,33.751679674461705
25.334720910110516,33.2270603614718
25.40443325442217,33.30153808750985
26.02122735251981,33.3024157703482
25.119205084499676,33.26999796767644
25.273940750866252,33.107577231934826
25.298535526512577,33.13695597209083
25.3913819589153,33.402325607473884
25.567340586055163,33.41901998252408
25.62050852905807,33.17091765189073
25.416103063798012,33.02270788579858
25.615319511316027,32.66867938359235
25.643950959263513,33.02871441924172
26.384683813674208,34.02634848117816
25.519228954426563,33.08940586287193
25.745579894180086,33.2215775848515
25.71808850395053,33.38012078199615
25.65373588621308,33.49638405893663
25.888365354547325,33.22850917561626
25.76230368953452,33.5503035676958
26.028584312648494,32.7822288405318
25.626833017402056,32.964968604408035
24.953864301940392,32.06498571545066
25.8209527106914,33.13522032423356
25.79127491474434,33.54554043361386
25.699731521564644,33.369253680447756
25.920991973405997,33.00407779086348
25.724592501386283,32.40415878925178
25.879663817736766,33.731248176971114
26.42787884476818,33.99461096357153
26.282684514707597,33.74620819541868
25.537939628897362,32.847083021465416
25.97851240014483,33.675012226211365
26.022651168011386,33.74735694032626
25.52721898091896,33.090799555912405
25.913389181955694,34.20604708332155
25.45165238940126,33.05847861638811
24.58805249313393,32.975001212832034
25.506418185527437,32.98780483963966
25.854245426047903,33.17837419634938
25.566247265816724,33.30731473379106
25.925780509232236,33.2022481620204
25.50266706280148,33.55454488840801
25.600423551916933,33.37319569059627
25.86082465028411,33.61785507429261
25.706184281048248,32.73655482500329
25.46332038701045,33.1471241588964
26.215297311225584,33.01136373433029
25.619001577387117,33.59127064198853
25.296507804642417,32.60898157471487
26.335616339293047,34.00502556981026
26.034126349768353,33.91194348706784
25.60196469255989,33.25827417110704
25.796284505079555,32.9455563617673
25.82069459515683,33.42628179765947
25.849243020630038,34.35692099753811
26.06032767922435,33.8773872540015
25.858231653308906,33.18923764456899
25.623037910201596,33.46286529143441
26.118580582766533,33.268905133855625
25.05660474246459,33.18212061257205
25.550322761328406,33.268760697726655
25.034108148040783,33.16089815731283
25.665467970642602,33.06114921564493
26.021963578961802,33.06088786307141
26.160459328969676,32.96336988035253
24.837788861703903,32.83826695140579
25.91205812565447,33.59700357896001
25.33288843799735,33.208421149515345
25.69834729232634,32.97989061586
25.6709991764272,33.08710331087748
25.734148041903286,33.460089023162794
25.03595670397407,33.32247944748765
25.840579509003486,33.247528149199866
25.842465189214643,33.5955576326923
25.51820675472604,34.19446198687081
25.863919651219344,33.9460709972677
25.697024227453202,33.7214320545274
25.005947435617053,33.333658555710706
25.197629538188618,33.310833838811504
25.448128734512615,33.041977156422156
25.72200183570932,33.55402971419375
25.538902034319623,33.30102923328661
24.993592504103894,33.27314853731226
25.73886781085731,32.94548467341497
25.52253370182092,33.13540849633986
25.402270250995038,33.016901792641704
25.927914474636925,33.8142242280813
25.646906299405597,32.82745634421751
25.220117152270266,33.087225813267295
25.640638729503838,33.27919431824824
25.81892841579028,33.4652953429276
26.06788629727911,33.812803828349054
25.758176042354023,33.3741852276947
25.502991886969202,33.153162521483026
25.61205402297271,33.562209515508016
25.547204280403434,33.454417118602535
25.104967066955613,33.05297643150831
25.836687782238556,33.32806243628337
26.010525492033853,33.043552455574485
25.4502033890918,32.59184428635845
25.554375662086592,33.21387540125932
25.63060078527611,33.7677800576297
25.73211220569724,32.971411120858384
25.14388892704809,33.0686821085246
25.852226772544743,33.1436590451195
25.99293411998297,33.37194121395484
25.620256338747478,32.77172901999732
25.942814576868038,33.25155745669763
25.94069931475926,33.102849134313885
25.521618958010116,33.22750658301038
25.44373096723011,32.9120877394004
25.911410201301138,33.411033744861435
25.82725690989392,34.08591805607547
26.212034313499398,33.04546567003771
25.52874058869847,33.466352285404085
25.523607562291662,33.267157884296324
25.68723339976776,32.9218495251667
26.041156350507208,33.56548286881247
25.77165932689993,33.8062111966219
25.392472139638066,33.15686366277854
25.29449631201979,33.137349699090194
25.1330242592568,32.47061253693387
25.938341863176845,32.72859890995573
26.154284925105745,33.03760727723422
25.79559482350145,33.313231682410866
25.63408436251484,33.276444966433814
25.281124395642607,32.99804066601779
25.605873296169896,33.42268740003114
25.740844098443908,32.90453620811961
25.530343565341287,33.37193171297851
25.506470360449324,33.56055063669235
25.47610397852252,32.72541977604658
25.72365273088789,33.2599510465064
25.447669755875324,33.08671295701132
25.834085878535266,32.93301221468868
25.7844898268198,33.51254470302117
25.655396686446462,33.56958443292185
25.89065294571759,33.14026190346524
25.59236359967899,33.65206972981675
25.25587063309203,33.0738769689508
25.244364421804107,33.288042440743
25.252095100284084,32.926369388830956
25.569802799153265,33.22865591768305
25.392933565630234,33.33364942046246
25.607876683885173,33.59799721871309
25.678163369783235,33.42099790544241
25.548606900217564,33.28995210875275
25.683328001783327,33.467583883373536
25.465805952165898,33.631432966059435
25.87008462603309,33.91392455054436
25.74963475842725,33.50887911051692
26.127764053901892,33.23335090180498
25.717581499561486,32.97073535698819
25.828011712709745,33.81001368847692
25.56894047794157,32.983690154385684
25.659317461772655,33.435980058370866
24.95230725662125,33.02220039936034
25.57714142969001,33.01538319996091
26.08157775107495,33.763023023504076
25.130756332054922,33.09387256949983
25.84673963923929,33.216193059974984
26.00512380888277,33.535004371184414
25.319494737099582,33.143939886899055
26.093092251434573,34.1411676097708
25.861684432988547,32.792295509983184
25.67185791966598,33.33738785196274
25.52174686237147,33.36781124488785
25.996051283973223,33.55241422186516
25.809370814795482,33.58554671126754
25.541196917772197,32.647391337394225
25.791783345161868,33.378356101583044
25.886957790325525,33.56774741449734
25.01718807277837,32.760786747740966
26.007134722434806,33.60333140427449
25.3880960236453,32.93499743535285
25.65834532453603,33.291223164102405
25.530241724416662,33.46338900037334
25.586462402803345,33.28091972173016
25.61561911499311,33.24837100627509
25.616016579552767,33.81724081433302
25.203737345990472,33.168250508945356
25.638861234806736,33.34346019137538
25.393688427216357,33.30021049404263
25.672298504721002,33.579363397978135
25.010120709797956,32.99577886814121
25.339106023665238,33.182769745996524
25.566720653549893,33.55982486841385
25.79564450024421,33.68565572810445
25.437108686385177,33.06583459661667
25.386913018419982,33.070389663870216
25.774472113089907,32.8064441004962
26.02916960768932,32.52299440037092
25.983299814518546,33.47678744546541
25.428855227179362,33.640116448998455
25.16259423863761,33.34608271925416
25.502342011423483,33.801947244734414
25.65616580314149,32.50770204939134
25.320094547529127,32.90530393391035
25.986665188450804,34.08728798897762
25.70391087789424,32.10713730572071
25.857076595491208,33.435365824236015
25.2327686486158,32.91562483399686
26.32003692419811,34.287384582324506
25.526647162199264,33.29840416599703
26.21329887066906,33.266834819716614
25.777170041017136,32.80980194011721
25.373405623697295,33.21196718740518
25.52335667726523,33.313351484457556
25.63059560348208,33.11585642146395
25.311011134878633,33.4191447894202
25.409166008040454,33.504278226663004
24.872416950930752,33.28291956352665
25.326742041289613,33.43397366057411
25.899781719378844,33.18413219911752
25.735598757652497,33.28126848061233
25.707206945094544,32.88768918836463
25.667692021019278,32.48609685607478
25.6842764327016,33.5372182828122
25.897854134261863,33.775546664905924
25.394792570809475,33.19975815503814
26.046901146988883,33.42371504032671
25.735416206561652,33.08206808423275
25.970947517152027,34.11916925239385
25.549734240826332,33.225273446157175
25.514122811003602,33.2069572053114
25.65022016294703,33.32874895482849
25.56319808422399,33.480407852634066
25.951454841952586,33.55875657193212
25.74719367930043,33.660824908447225
25.797227971972095,32.60645318883339
25.559415326057536,32.86058370118946
25.808419751773023,33.6781549265361
25.339138712323507,33.14483237570222
25.600495309416072,33.536805311494035
25.44954292560115,32.939077333107356
25.98719346178203,33.75790433039626
25.951840949091675,33.58952800270725
25.54923558593891,33.102790682404915
25.2448347178347,33.34551243409353
25.74273981585729,33.37420826929207
25.386799212375923,33.210531486001
25.7469881262582,33.36009900253808
25.90627132299746,33.524289899138964
26.007044083974698,33.60378081743888
25.81404686963632,33.4218325431197
25.686749819910858,33.832986372726694
25.680578505852004,32.990893295450235
25.88889325185547,33.79618477589731
25.709750785820145,33.27404237525683
25.837369117367633,32.76981169972705
26.016131669832326,33.530675286951535
25.88935694750824,33.911513612019576
25.845440855312066,32.675626456555584
25.728465754939712,33.50885707081783
25.213695202149616,32.78156282085584
25.347818331530185,33.776237114952636
25.649991842469305,33.53446466772489
25.313787284684995,33.26173603894428
25.333669011397163,33.74610895982625
25.067332725602505,33.229831648950835
25.38036685891246,32.87721617819449
25.89524664508558,33.81825532538109
25.80021491398483,33.755180430896516
25.97728637139004,33.68813442290519
25.708520156501347,33.854668098571985
25.65468612993991,32.529142097886876
25.9529176954962,33.687674357417244
25.138240437795396,32.76935172299776
25.843527056140857,33.13438968284329
25.813981556739616,33.17855427373838
25.667650579157254,33.2146470674161
25.333321899180056,33.54970634542639
25.692237595409978,33.57610666797968
25.619001834878386,33.10347399591678
25.65472458292456,33.66331896683312
24.959014433850466,33.31914909240711
25.6933031444283,33.33591271392875
25.38986614587356,33.28351248903037
25.939232376766153,33.3431652506419
25.49190067224113,32.810994528993305
25.7735792647838,33.39413174285712
25.67019386616889,33.30409703855742
25.83710546475143,33.19807716523073
25.5174525707816,33.74834020224509
25.614109296950385,32.9484914683697
25.807336178441414,34.00995019758372
25.61528580776552,33.589786657991006
26.26439317110658,33.294950834782135
25.82516335957004,33.1132960813087
25.431400600958863,32.698747552073186
25.240812486622836,33.251705150055685
25.232486069821654,32.58011313171989
26.245362528488197,33.10720839531763
25.116768594423405,33.082156701373926
25.583829945248894,33.06982393300251
25.947866038843905,33.295475806378604
25.749344091841028,33.322469556142096
25.53990481264512,32.96187292865013
25.654272730241928,33.36519934911939
25.961974558508377,33.51703253315637
25.753717014476944,32.84428432233729
25.452566856532705,33.33759502698744
25.37496722899369,33.018922927673266
26.091763755821898,33.2362238804521
25.9292166794808,32.867959578464145
25.6164726385958,33.231947905762816
25.694875760181883,33.54792468366558
25.966544448489543,33.78858169851881
26.19224493640996,33.53115933765709
25.789655365527995,33.261496724797276
25.44526351825437,33.473839707770416
25.062341185775836,33.12071062292145
25.54924520335001,33.675472506667944
25.76698015443249,33.388902440409694
25.39642444344431,32.85246783687845
25.887317164912965,33.562157967710895
25.267626827798043,33.30219019204081
25.02147838388406,32.98063307063082
25.214425655727947,33.01446547184277
25.713180652922453,33.42191600571712
25.632181563129528,33.15835909020758
25.267834362109348,33.16314454803946
25.553483949941075,33.323002464968255
26.026692221508053,33.44386281689622
26.17100789690544,33.60177625911916
25.358146125696077,33.26228881235267
25.372430620332494,32.93179668313582
25.808239110122642,33.5778807424815
25.342444568345506,33.358303375048955
25.311246315671998,33.34686015244783
25.463869561920035,32.91236857987459
25.199924479229992,33.35272511161205
25.3474046215062,32.97776992293843
26.02269926819554,33.584417798920015
25.922445083071477,33.686647003848975
25.358442037966917,33.790721654454686
25.52934541619514,33.071105396067786
25.54742801123842,33.2530763690807
25.796556611399886,33.377975734354834
26.046234842279432,33.179043243927744
25.85088425803579,33.87237267053963
25.562335416978698,32.7319089690992
25.50442398872458,33.460077856319046
25.273726049103033,32.959635754387705
25.580003328605514,33.21122258271953
25.975470172117973,33.727792245486036
25.429169763099118,32.49313745937651
25.515132202235538,33.34538389347257
25.683674044341657,33.26934505398623
25.194484002057436,33.22966509984614
25.671430719074078,33.315245237976654
25.79626850822453,33.022978375664316
25.717645182413484,32.483837558720616
25.32236367017152,33.61675323577833
25.847293561778283,33.42927099515053
25.564768211391005,33.23160350466527
25.881437871901458,33.399354074389876
25.790428446275396,33.86942283175182
25.674008668145067,33.58955471965692
25.480887731577134,33.490789168038894
25.630600887037378,32.98006087763526
25.683630241702577,33.341962240778415
25.632427875345034,33.92865039071062
25.36673481126988,33.35387057542049
25.441372680483063,33.35830756886595
26.155599802369906,33.05449526968769
25.741376352663227,33.032224537563835
25.17676045230709,33.498276554406864
25.584112618229312,32.9023245054117
26.014214114088837,33.782411023253594
25.320147775090508,32.695035978147075
25.264695561502304,33.081103943806035
25.849008211317305,33.768314465119424
26.085742846893126,33.685281748776454
25.242890182763304,33.28682437136233
25.42071549918415,33.32405608006811
25.309328600926445,32.86560459718189
25.28341818732819,33.32540651797691
24.96694633996832,32.97233977136888
25.087991407544102,32.89313163685275
25.866725129567136,33.05333568222207
25.74521900681387,32.20360656337493
25.256861448493193,33.34872851408906
25.377382684552025,33.17136225825214
25.381354410898236,33.192778235712474
25.265255399176038,33.34690803100995
25.602951973800153,33.79554488874141
25.79500888781514,32.87079523935364
25.445196735306556,33.29396697010208
25.505989164904783,33.23984919531984
25.331208999122016,33.01417786371485
25.288683642868545,32.8747761888305
26.102596975665605,33.7346112599712
25.38913917668272,32.962113463338795
25.316469202605568,32.70429377392583
25.429264668723555,32.88893016870735
25.376043022772656,33.1461400460685
25.219462592606973,33.340507417853125
26.655934703362917,33.89489233193614
25.67699885321546,33.14097495527964
25.579635571755176,33.37284319121078
25.853367635095207,33.921062140132996
25.408428856579476,33.08127971622271
25.899379308455423,33.808115479311134
24.991220354238898,33.05976507515478
25.722849715179304,32.570872353641946
26.02121051603801,33.437235917455254
25.4119628018225,32.80869171249256
25.894237067000446,32.29674667611117
25.77867734885596,33.907435564375476
25.342052882001013,33.24808924987892
26.073911409838892,33.856674926279034
25.50888154290747,32.92792867732861
25.556778738643462,32.18080555779208
26.235362608445314,33.713976815186335
25.703133810089994,33.971241129348144
25.576070407572075,33.407270896932815
25.461081462990755,33.48967786763365
25.33128885959825,33.489075827651774
24.978678112653306,32.872336451002816
25.674993009575086,33.432682114643825
25.846882319241132,33.41619599330475
26.065546886509402,33.69776177256672
25.53771090750413,33.38517407585314
25.926910352612566,33.675960749939996
25.19926790243527,32.97001214386238
25.68502441333248,33.55862935524356
25.73461637958862,33.70700678248012
26.154171557634417,33.958648392397436
25.707759598867735,33.09133797582375
25.853546802541256,33.68384392538728
25.770562574853805,32.846305733736656
26.192436655718407,33.638545384708095
25.39643502097629,33.0830146141329
24.996973796121797,32.76573254586545
25.56431653088499,32.86857243944118
25.798930596730134,33.19830312148937
25.814179623501158,33.45581563072884
25.96401448723021,33.28987266164658
25.876676623333054,34.231977961804965
25.55773144274881,33.58151238102476
25.28708395291931,32.654114966454884
25.448397042561634,33.12261033138054
25.407590341109582,32.970984092784
25.51745018858359,33.181725125061064
26.069733654422542,33.46309556788336
25.993339795684516,32.83473106820696
25.489967914888563,33.433200755103314
25.891240196776177,33.72864587778001
25.670049657263423,32.79541887005158
25.42175086867115,33.45595188444716
25.377257166086675,33.267489019837896
25.472196914626892,33.48177977258418
26.00152534760879,33.170199349438114
25.92885597345454,33.34885703435214
25.88683428539278,33.231448588183866
25.229034937823076,33.69183533920726
25.748621352256478,32.940662637556244
25.70661379847333,33.87647742696397
25.57325104211974,33.671626559167464
25.598346685384048,33.21409207278437
25.767619803360876,32.89767814142424
25.610946067986895,33.447483155006275
25.958497776256806,33.484946212388415
25.29016318047567,33.09078453897477
25.722241179649117,33.12226485519287
25.445708974217297,33.46234006355393
25.621185726999727,33.509694829205536
25.740272766220066,33.10018689959046
25.51116108629727,33.490885046440376
26.101647611783967,33.34927440689842
25.325024618114345,33.44996263375944
25.59883185232057,33.52222589449012
25.941349346439516,33.736613705290004
25.633971212253055,33.17060972206893
25.77261530848314,33.45767682397114
25.978956397346906,32.80862459351776
25.911117985794622,33.53538768154289
25.877121504836264,33.07286244107763
25.366957960577015,33.199722823536725
25.873482843442396,33.668871219603
25.97687439146785,33.46283557261981
25.407581883542733,33.43803357560929
25.461247547104467,33.06352855750418
25.965782432978564,33.43476045285378
25.839725084282755,33.23950480930889
25.64044253156626,33.415325133671274
25.48789598016971,32.86327033803998
26.032599376792106,33.687690900025494
25.27519497949964,33.119483079712595
25.649195023878388,32.93236423976994
25.70134425492851,33.7037947531943
25.223975262114667,32.977600431209275
26.05917353475519,33.67387304525932
25.650244432924776,33.096496838843066
25.548367822741415,33.51761628137612
25.317703996145625,33.43829996458502
25.371757956238763,33.25817657893907
25.981619205464444,33.60602618987261
25.324081855882252,33.32595592275926
25.585990341488582,33.892691716661794
25.74029646333487,33.427503505096126
26.00513252304527,33.739125130326016
25.68806798132192,33.22186909957012
25.564066706440485,33.53467942464083
25.43878491072204,33.23906481527592
25.358315555437684,33.20076446975382
25.661060315260148,33.34941434143727
25.5833383524022,32.728308957840454
25.195305702452785,33.314987475598805
25.67262651921126,32.675045748749405
25.66639886920634,33.32091951496049
25.706035928915984,33.16331252758092
25.69161147839442,33.30779301181272
25.58666914048433,33.209849291099566
25.501902384431297,33.198249446539016
26.288729416080862,33.18203248131036
26.014033333741736,33.901052399662255
25.56280591907485,33.32614993403072
25.51105070886709,32.83625452543531
25.77536989126222,33.47321215900837
25.311116365216257,33.066415556284085
25.487180382643558,33.7056819950177
25.685702781713427,33.11080937000126
25.53941044539324,32.93934561269212
25.684416329597642,33.54475144457672
25.051549477135243,33.40334509285204
25.572147947765558,33.523140680605614
25.521350435227053,32.895916692140446
25.158856849503678,33.412227630832284
26.356586110654234,33.83806577994729
24.947929996359694,32.5731791108241
25.80542548087545,32.97771008457555
25.437762882220163,33.19404101035364
25.140157077055708,32.39457949790476
25.3245823470141,32.6792999972304
25.831208055628828,33.59478661763169
25.518081172033796,33.101446575257455
25.68596654910977,33.73282845314805
26.105960056109968,33.31307608003766
25.131308561349606,33.209249115420945
25.80467679649731,33.5481734231756
25.285621749759876,33.505456840272906
25.37256452441121,33.09474926413938
25.52388083181813,33.16142665593009
25.448711665405106,33.551418813099275
26.05826723845695,33.06983557630111
26.084975382561314,33.16572226115776
25.474866539026355,33.33983727847984
25.658842855366096,33.63043006343554
25.292213804887904,33.474633572381215
25.926922139085324,33.70420736611217
25.761917125910134,33.610880896351404
25.745793625232256,33.41222568730444
25.83593184169775,33.17631406619918
25.11757260388039,32.62985452872985
25.195282329985883,32.89979725913145
25.491429216951257,32.73517219326177
25.57867023079987,33.27593290043555
25.55537185762877,33.1665074842344
25.86415343136702,33.17869210430161
25.4191814931879,33.64662862894914
25.822050178324584,33.511100235025154
26.000364494147636,32.977212310157284
25.38491776389507,32.955700479226905
25.675493769066126,33.50269225701115
25.036880996950465,33.042783740217516
25.407566376931708,32.88055752264726
25.565229572170015,33.5655484833334
25.653282238437704,33.04835914686186
25.68342987926615,33.44421480403264
25.75473693625381,33.94269887094941
25.589029060142522,33.16814118596462
25.856910189710252,33.44954573232478
25.701129588652073,33.17511616908559
26.205325838209557,33.17021380779752
25.834731444944893,33.44501656277714
25.39666825779457,33.32812002819156
26.032845590396057,33.638443231754806
25.444689182249263,33.088864436918335
25.97682693407762,33.729937690339575
25.515587930863475,33.271886842783644
25.4129858704905,33.46107693866617
25.773226143777965,33.70786466463959
25.842407819247526,33.112398379343496
25.453524321804217,33.418260190505194
25.06236041585533,33.23403861815108
25.789390375730886,33.317255369237586
25.646977554947632,33.19332042835533
25.782378849032845,33.341259284630084
25.496658495185642,33.19050329580393
25.611123205748886,33.71974269376333
25.74322178201303,33.16280097275745
25.991186778889038,33.42512436732585
25.585344548192356,33.57382608811994
25.547257666098844,33.13492540647954
25.53211502095028,32.97601766830383
26.014972987752614,33.343089878155176
25.558033135520112,32.97309514004486
25.81792062402625,33.392164772726105
26.06085944332162,33.02535014960244
25.14734830541945,32.965427325388745
25.193914199571104,32.93870624346306
25.522889853170838,33.36215874685031
25.210732881498924,33.164123289026755
25.745944498846313,33.05644887186533
25.831140390335396,33.368782312410616
25.879505421219548,33.162708880452826
25.45497149823497,33.010505580397506
25.36791181079449,33.12322111012606
25.628866742446526,32.666626838630684
25.395541804694428,33.47730573341107
25.824753015855197,33.48493367429292
25.601908581747434,33.248093839528664
25.958660538087795,33.52397836552855
25.834377443895164,33.17529254794931
25.888681905473312,33.385051134334965
25.889686954042148,32.99748706463105
25.506256210696513,32.92002047538422
25.815783740665395,33.80046009494084
25.37398130922267,32.99489031176517
25.525355363188226,33.31851774071667
25.988885559501206,33.765668847134485
25.742264532463402,33.66094060816017
25.348363773221877,33.12391264695793
25.82707306614924,33.517066997880164
25.412958102577363,33.43074051592245
25.438151333961418,33.263365145597376
25.33212920845746,33.38687403204338
26.302582644702362,33.77354447910173
25.279634502792604,33.61924093428522
25.32457868641005,33.408548521783
25.444958910188063,33.25381460581698
25.522098259637836,33.638670912453506
25.930651979597286,33.21185254633664
25.772346688074194,33.44547664694774
25.59840758005394,33.31015328706455
26.145105118749562,33.520112569674765
25.688425417616223,33.45827611381785
25.673606194000936,33.22444138019483
25.759864720729233,33.63770622931529
25.777801206702996,33.73521947433311
25.455207356180757,33.382976656170484
25.53086805544438,33.52939881992384
25.907994862521402,33.69176282436586
26.192081275176495,33.29990952511012
25.29159649962693,32.745861599521824
25.36102180999994,33.379137099860856
25.383069299881974,33.24656366003143
25.488242816018087,33.210409125618476
25.99696311404451,33.39508101364838
25.49276589199176,33.18905255188851
25.579413910133926,33.07323451272522
25.187434472662854,32.775622734823166
25.460283205949658,33.63516988092078
25.917338257885184,32.90564566416767
25.90176358678903,33.73611151646966
25.46517809610272,32.71184662746254
25.580075573196645,33.611924600836005
26.014775697172276,33.62434187398567
26.19565426284767,34.02006800896589
25.5786227963834,33.27737176095558
25.442767251818836,34.10389861740526
26.160961578978384,33.35817898422001
25.611598089949492,33.25154575480864
25.479014442472973,33.452638534845796
25.583441198289975,33.34091899690034
25.709380164512417,33.21937180506094
25.690162266963497,32.9150296679225
25.873781915141073,33.18977031138879
25.610267903473176,33.327238324876404
25.996097707503374,33.20510711225713
25.826895563112707,33.10465709828222
26.08588269028671,33.62142832505279
25.542371661328282,33.345485665387976
26.14290557277789,33.72394867194543
25.775273927406104,33.139952465553755
25.993019429987964,33.4145555199334
25.757796079361235,33.647788526248874
25.695894008547945,33.97951858028787
25.703005758399367,33.84092949848501
25.422880512401882,32.240940627540844
25.652605812117176,32.900519425142505
25.693584373066415,33.16419640317473
25.825146496971588,33.47331063627436
25.72121080034627,32.56148183131031
25.7502262983199,32.85615735406276
25.997988582712743,33.46155886874125
25.768984967135694,33.38307672355256
26.02401900448383,33.39467466849098
25.789607281293137,33.32866926940686
25.449217031870468,33.65052290244607
25.64331159657601,33.83905547171764
24.593160433500387,32.643097182920606
25.634662551383595,33.47927408622561
25.828861969451378,34.194252130166454
25.517732036827358,33.11442232671858
25.95643399751872,33.80822488520886
25.68653441738375,33.48676109285442
25.907856221353875,33.368196514092716
25.60498961941555,33.42126709273565
25.64958792398804,32.25516405387894
25.114422878519555,33.103174622464316
25.685732422054677,33.56894628771732
25.236426277440753,33.26891700245963
25.91011656205649,33.54641813776407
25.90532069251266,33.45973266730909
25.378129444459923,32.99800798120646
25.97264880915861,33.41757480797199
25.18847781664941,33.67107425662462
25.798965411436935,33.499386956995096
25.981085323225578,33.63308952153495
25.409617427196096,33.44344288712513
25.59939297956295,33.187360468252045
25.955562822485984,33.768058261125155
25.699022446431687,33.68620214763491
25.85934805960889,32.60465976601951
25.737862883350015,33.44762826438897
25.893595423751297,33.866872475991485
24.933309691184864,32.71447510924154
25.728189796390513,33.29690856232144
25.872858284304368,33.11990222799086
25.538062372683264,33.190150684037924
25.66404435140165,33.568330290969314
25.72540867890715,33.332516271767375
25.529701692691603,33.29389186778923
26.164365648782148,34.10631169795348
25.624814656976035,33.39469982751511
25.03321666505219,32.61240284318703
25.46380589780933,32.98533536680961
25.873815844900466,33.58316474992017
25.956369355967535,33.478634421875036
25.884133831743068,33.39872118504009
25.605101810698592,32.891932347875695
25.607797704273477,33.10909109566832
25.72220433394704,33.425564919607716
25.593188942840683,33.14350659663222
25.66008901425164,33.596135412009446
25.989003346019576,33.38113603288999
25.76347441427172,33.3936037984686
25.990311017212807,33.44020397117211
25.068196438506234,33.53272986335682
25.30019567194146,33.417921001392415
25.77553135706113,34.07226278826764
25.51700468682971,33.33408782762917
25.64995691632901,32.88662634779073
26.084884233869747,33.0036754048981
25.498792812272022,32.95307886337152
25.621195041997847,32.60858886308503
25.521397090381846,33.02401200177716
25.70626886335147,33.501144310535615
25.167353248018326,33.40642166932473
25.150750842929227,33.296416601042786
25.699348746615172,33.96716517676883
25.333608777806877,33.27877351558546
25.858997930502166,33.37565890591806
25.681904753993383,33.12683130478398
25.887320351340804,33.93322600193375
25.012226760141782,32.84369108489142
25.804050208635,33.257546852017754
25.85667426387739,32.960267725444794
25.740749006460113,33.37857890237307
25.33331449159922,33.43553655699495
25.83003462838516,32.98410916172144
25.316785275242665,33.191254747538146
25.350069273941433,33.58746799469034
25.69099091981098,33.02216499183679
25.399339434701606,33.41350604699852
25.50108872202423,33.42435626830766
25.780731791315,33.195546979090686
25.476984599845398,33.17278363611583
26.170364176472074,33.6354167029373
25.271799580655422,33.379877781241724
25.52017362125604,33.3439564129609
25.51589406039317,32.648565612941866
25.906483135617265,33.28043893510916
25.641951276448538,33.88346713256325
25.39824579842694,33.20500260953353
25.49808201603865,33.32524681150112
25.98179618137191,32.97992490831409
25.767556343331716,33.75833226788449
25.695205625145753,33.627812942444976
25.410074625730786,32.812370705392176
25.186858959297066,33.0559693745134
24.993508050521026,32.557413072949686
25.91794650120144,33.41644862133488
25.549917476059154,33.59372855968826
25.720896757766493,33.248423972365536
25.747383941525463,32.96200367498141
25.885447990074674,33.81553875439141
25.65585240862538,33.177346781723806
25.379528207211166,33.308052940798056
25.742990330530052,33.421120453281134
25.75022307484152,33.39163772092424
26.089287317692513,33.27446922842766
25.95697283440894,33.335833721927074
25.403966849342854,33.158747232521115
25.990433967421946,33.447948282622995
24.910962543972147,32.82204948236778
25.958906406692744,33.53533910356015
25.941001277722513,33.30524680896669
25.672821869397396,33.633772952640136
25.739490378934654,34.01348086837662
25.765389011743963,33.5395213912885
25.447346088527404,33.68273792963743
26.05900955068854,33.79351254968662
25.543315545567832,32.685350478400856
25.891051366137493,33.15701152274075
25.116666064684676,32.61473113893513
25.75758708043111,32.72302009321543
25.014853063797716,33.141021771950626
25.507322993942978,33.30171167026142
26.086068895751914,33.37027966617238
25.855724212423453,32.63217527912781
25.68053819932443,33.14554301163007
25.197109094245093,32.187754875039154
25.590611025257914,33.49224427323876
25.31262742762512,33.08543162307935
25.37145210075675,33.33187185918707
25.425287212086857,33.56106891573653
25.604182531917065,33.52224309258477
25.438563312126337,33.399871630125034
25.570912285690902,33.37661102665845
25.72408121367429,33.19550303575489
25.39670481808155,33.60813229999168
25.339301953160938,32.53180891824349
25.806506032228747,33.14017365506171
25.626597197359548,33.34089811744436
25.19309050951412,33.55479952555258
25.85101975748967,33.9779348730801
25.43495852696619,32.95066378990119
25.17313548852839,33.45846872798258
25.779140774506683,33.86169151773617
25.24916458272763,33.3481249532892
25.8818932386041,33.18620148680056
25.68922824400032,33.30271935062203
25.75215380578802,33.05502023518846
25.45521427820015,33.127108653507875
25.78842929439771,33.110333178807835
25.67214589670785,33.353556247603414
25.38611198613061,33.2197240968328
25.778909267134882,33.73588822937149
26.010723411735533,33.5910345313514
25.802942417964147,33.2279854058686
25.549546253581262,33.27685505131082
25.79920490554555,32.737344742739594
25.661364836266653,33.495965983190914
25.264112977218193,33.119806129551634
25.621972969999113,33.40484841463022
25.458205978279267,33.584611919334286
25.694521813424323,33.270815193229474
25.347011292786163,33.35383653043965
25.60539513775959,32.942687608773504
26.195099833691902,33.78122284245946
25.70385865953785,33.505422912727035
25.927831554897722,33.48298283066542
25.308182257718325,32.5823902767452
26.039453975265367,33.83046515473383
25.67257560150281,33.39651086758893
25.44801275715712,33.333715730376824
25.229151797777817,32.76354792656617
25.48171889861062,32.93930922448149
25.587937093647195,33.17946843467675
25.61513930079183,33.23008729431266
25.438093855309788,33.11530580892203
25.250210173422982,32.98028606844557
25.892112645357134,33.68487123715078
25.475789359527706,33.43884436749895
24.981372671310226,32.53536687227738
25.687078971942032,33.521506467751124
26.027903791089827,33.72053908581317
25.974469318165713,33.804843406390134
25.142150313716144,33.212806481992516
25.815250233857018,33.28671255206539
25.18868944917148,33.17753893776752
25.608333034539104,33.27008911670281
25.80978199070674,33.36185966648637
24.842940406251966,32.793357704282144
25.483632627461976,33.33907649853132
26.063269141136907,32.876703877551115
25.661284387656675,32.705800106382405
25.15600513876184,33.43138720071244
25.515983478559967,33.18531043969808
26.09727148966401,33.7917824918151
25.814775546518945,33.48682155459646
25.7923734294532,33.446172289352084
25.881320871010733,33.806619111751516
25.86178115094154,33.21036411330321
25.723704046283384,33.23814246872807
25.321726346634236,32.37293754126087
26.039089487990363,33.85158836716303
25.57390043132221,33.044449847533286
25.854232640860698,33.55389320523558
25.48088220080053,33.808785759955484
25.420062028505118,32.500105985786995
25.71399631668684,33.74571276913168
25.864174613460097,33.96653333110773
25.36798086456153,33.172004805363784
25.389678568613235,33.4718022954454
25.7573727494017,33.499524773324396
25.35401777196172,33.21707735747859
25.458329337581272,33.11830195706508
25.390158146264458,33.359257435233665
25.511351566272367,33.336777815969675
25.95543766166153,33.42551661311465
25.778088606893327,33.507503821912785
25.646561465043806,33.05062515687604
26.081594052029917,33.82544801429233
25.849621182033125,33.418053845594564
25.35245209750206,32.89589166034294
25.92598207097524,33.860087996669506
25.525851628603935,33.14690302534714
25.930940198322343,33.474172476180335
26.048832842747785,33.54574106296708
25.558974294580977,33.75874860106849
25.412240040780787,33.052518046908986
26.27510775607867,32.83688777568101
25.871563165219275,33.05932045987941
25.88283225347287,32.813833535328506
25.599527490624034,32.96916357745958
25.732553728788574,33.57545179503271
25.50665092131675,33.83768723421622
25.893828509238034,33.05085528985427
25.681396578959163,33.494268423448105
25.50578797835035,33.52127521753085
25.57799082465266,32.82273603638541
26.04043799057195,34.29728270725984
25.79080167434448,32.71466115478825
25.670056391032997,33.47496301708359
25.536397141147813,33.28640823399691
25.697452013721783,33.28840924058858
25.691268825667617,33.505279580602526
25.65972944655805,33.845545901482176
25.819288237254337,33.468839711046684
25.72509406866031,33.476739632454496
25.746541651779815,33.35902445739812
25.94133716409519,33.28252699765269
25.77650325720767,33.24849598057051
25.676304585042043,33.68528954386491
25.102261720062433,33.20642031488867
25.688119550466933,33.07289510799382
25.582027017897882,33.691017795121546
25.104578770868535,32.3802379857293
25.45346882714608,33.61541049448303
26.11239113908094,33.57851450822397
25.768922647877098,33.78698950035602
26.2184090509396,33.43453291533073
25.834896727515286,33.272030129680104
26.18819567245949,33.71776145856824
25.188504325339554,33.645529554041886
25.385845179364164,33.20746316761042
25.98121327940626,33.42416938437156
25.51451719510821,33.19811162950963
25.942905574381506,33.96387794179115
25.65168655334241,32.594223274142124
25.125034980590804,33.259305449747586
25.695165774479456,33.03082448187542
25.31004816722777,33.57689799568442
25.880783610120336,33.329534085047534
25.326842486063,32.93423175486794
25.381049579789295,33.61171502772913
25.416329043520555,33.06645374022212
25.79678313403236,33.69930228154792
25.85832614923081,33.43412339915589
26.043546518879175,33.248907205566184
25.961902092018608,33.95343324769716
25.46869351063274,32.84611859329645
25.2710520953268,33.43739851111149
25.07975628852223,33.153583252663026
25.30368694968363,33.317738648778075
25.689240815787937,33.38692241462556
25.48701351320591,33.45993991290431
24.94119619018317,33.0113116378193
25.462922298611623,33.177459668379214
25.31789435268355,33.525867272616594
25.64910406752286,33.67378960928424
25.46765058003748,33.71412342104154
25.85949822493242,33.54343248889673
25.16559823763209,33.09830503119311
25.591120300844263,33.61405920839859
25.648639108197465,32.98444948588208
26.070439650397887,33.41686580517922
25.583470269115463,33.432158139316186
24.7981311241823,32.89190673773852
25.532356179479173,33.450414726419574
25.42503781231876,32.95546196261185
25.506159079950525,33.357297444130076
25.19769635319465,33.03311889122491
25.650081561055,33.17176438198497
25.576006676126564,33.34554328156112
25.20380561231809,32.91263635943579
25.673308542086446,33.762336861383524
25.75033433828515,33.28548606352015
25.35301019054927,33.29467556877712
25.85541128856851,33.450941714580054
25.492149453540048,33.17645948534345
25.621988340057055,33.62381088761667
25.318487044475262,33.42478257462819
25.542998218846392,32.576030707955134
25.93265111556855,33.47582444503798
25.839027447182616,33.681839614886485
25.86357377850338,33.284014857925264
25.816826656669868,33.4829827046065
25.066653068065023,33.12313132303319
26.220527765167077,33.76485475058461
25.7749656245892,33.79611202999906
25.420415645108434,33.25767053155537
25.29809849781297,33.619718252322464
25.42640230547381,33.45940850582689
25.639759603859833,32.82122728850419
25.722475750607455,33.48895623164258
25.265412556655836,33.44987550430092
25.909439365191247,33.497742796503736
25.64926913714666,32.83459179399944
25.371534050655676,32.606870498230016
25.915252344790687,32.73766842651226
25.91360015257448,33.02822584444068
25.71585029970217,33.37077289329381
25.48592757842635,33.18925432548872
25.477120877742873,33.26239745960907
25.586702098731802,32.60091869857362
25.559258228155212,32.79370996489818
25.58480193360368,33.09659480578277
25.694893072280564,33.533495189378044
25.445758725114988,33.30099455432551
25.58009904448248,33.20799238086999
25.730083098746604,32.97319523892399
25.194147097241395,32.43816438876132
25.879226273806903,33.422433642659115
25.72289448896167,33.755734065309504
25.493105351646047,33.43983930649438
25.279245694867804,32.78560281774274
26.054899307485705,33.950704678998825
26.027161714973204,33.16139762643364
25.27305817321493,33.18216318774697
25.865255943594427,33.52420901954063
25.072294599763065,33.02754749879489
25.950855443059364,33.30195318249855
25.881283994226145,33.7937368245157
25.040846660739355,32.836151979946294
25.881254844423637,33.318004376393986
25.26091889560359,32.98185325230427
25.856192225080243,33.60699273802445
25.448062122011226,32.71237101869998
25.619700481533933,33.52216684264587
25.46661499407903,33.133291730410114
25.715419887209773,33.54264344421052
25.613771420860534,33.13998377006592
26.051435946624323,33.17772453400809
25.41520882049492,32.98039220186201
25.43753125868003,33.06465083420258
25.617974879540476,32.837912097483304
25.461735469071886,32.90522758445443
25.26686026243196,32.741829422081146
25.744865285978015,33.48864685638615
26.15439505769457,34.00635510541741
25.530130300933198,33.29803264270531
25.782838315696814,32.81248912806427
25.62070143992791,33.368867825531424
25.387637862549745,33.36790511806921
25.543073671519995,33.54001926842736
25.74759059056393,33.076720967154664
25.786650854255434,33.18515805976899
25.946916809326222,33.404462566710386
26.09171493646194,33.590157350546086
25.60064124748684,33.42652101738637
25.875601925049242,32.587443976293045
25.2174789285271,33.290705105167135
25.331696021388503,33.0915688198612
25.419659030846795,32.793359747846615
25.526679013482024,33.26854875248939
25.62849662541702,33.53009469716413
25.557924542598773,33.50296104899443
25.388690571540728,33.03229324156169
26.47523324593013,33.112162874485584
25.92672559673235,33.17271736847391
25.557309305342656,32.67975992337992
25.315852093522384,33.32850745295586
26.05804466575941,33.49508012450037
25.458583690741193,32.902726852010595
25.036928586440762,33.14668286710608
25.48620359701974,33.321128986565306
25.54314262320534,33.40859296374305
25.809490587265753,33.562484131411715
25.397426975366898,32.984235000086926
26.15924126019741,33.98758883690844
25.580153321725888,33.20319854054046
25.903367790664454,33.04426664639916
26.117638178815046,33.34195592188533
25.290477619338827,32.97659816374239
25.419628239420085,32.6988055794292
25.839309410057954,32.907353278695496
25.446520766554976,33.35026731650636
25.635750854249018,33.309096744547226
25.3739209050865,32.607864196064625
25.423235410010605,33.50364292764983
25.624008998834608,33.38369129580023
26.03191031096478,33.449443450647195
25.434846321044297,33.35703474227887
25.917084160309447,33.52468770201224
25.56663484545644,33.061042764393505
25.3440944601794,33.02224952399305
25.750501439368207,33.28402416401716
25.690046133334864,33.418346057801834
25.80281244876805,33.056863837430924
26.129032891110217,34.15774219696045
25.181599209609782,33.18935673364465
25.335846259395176,33.14687272741846
25.520159361560847,32.85474375117137
25.565409907242763,32.66979392545963
25.34326603013116,33.40415247228823
25.5500852438444,33.61737054685545
25.67994985631516,33.278105475879194
25.35285458124898,33.19708650998055
25.23161196633609,32.689903455378364
25.43726471387279,33.21460982873463
25.487929142233934,33.27986953331864
25.586017412606473,33.68868040547949
25.42023258268604,33.69534562141609
25.746696922739975,33.146427809871945
25.84303942127434,33.93465593250086
26.12795850078148,32.7616579893291
25.661185500407242,32.75941241286366
25.72302060839101,32.362171383779334
25.18155323431834,32.696016318992164
25.815501269335982,33.50704270466817
25.724358328236693,33.243174358561404
25.638832970027853,33.71254810045926
25.995620417632246,33.37399464154238
26.139231931815758,33.37681277916522
25.262154664182425,32.76011639822395
25.707018259696483,33.60432560050051
25.70964388026221,33.373878577955175
25.616475178779563,33.013394824804486
25.479988411252027,33.13137545260964
25.249687918056395,33.16247470285612
25.69593982022364,33.133877668285535
25.828655173847878,33.35167407926844
26.16860156466466,33.3077911546506
25.732636737139558,33.48820745858461
25.81514274588503,33.51551708523207
25.679425772654966,33.65937640170822
25.95590155821426,33.46967874418769
25.333374359327966,33.40864374233075
25.509093311117383,33.433410223382005
25.64494818200683,33.193083782723676
25.757698369025338,33.75301306925172
25.69859649827385,32.87501335092843
25.103190691771218,33.27319206589402
25.575036693716985,33.49162198948676
25.846023297781556,33.350187792896136
26.12743717250664,33.69790658414811
25.310438375401947,33.08974916319369
25.892971911347324,33.32752332717426
25.698181313161996,33.2867491159394
25.42742212381561,32.84822685994752
25.76376531567368,33.03306657907599
25.692033080952626,33.41419409061168
26.060092924812242,33.61158070365878
25.396892584913065,33.63562417517244
25.373027069179713,33.374215030449626
25.451904837431915,33.66486614878282
25.264894124415683,32.93553475063576
24.744999679424748,32.979189821340356
25.80957075467458,33.34805083336052
25.694825719499235,33.167013722863025
25.424379212814088,33.26662102929963
26.005854277662056,34.154534115000246
25.418850457415434,33.43340394321213
25.857581883127665,32.807041691455986
25.966782174805285,32.84651790101363
25.390011339799532,33.35979625123456
25.493232870761975,33.097757982672015
25.811600525613283,33.76054354590964
25.781695857050018,32.89342367429395
25.87185272028106,33.24133371281607
25.4448416680021,33.099139864052816
25.094760905288034,32.81304174799167
24.846840210292815,32.69367046388648
25.612558606122352,33.2274299405506
25.797986012932473,33.38201894180511
25.470675163772267,32.891697329048256
26.122931651071003,33.2454276340854
25.4437755123584,33.03241657318495
25.654366166989234,33.123603194318626
25.945860173732964,32.9754606787254
26.065992452915317,33.774625943463555
25.789917895042198,32.767813240575904
25.810496218957574,33.68935896824087
25.732564660161625,33.267570571084015
25.263322827903025,33.172193450549436
25.68982726736328,33.21986567734468
25.732388330175922,33.338197712237374
25.924652519771826,33.59761492137366
25.726857662132854,33.84182448623775
25.424354249662127,33.09382686214746
25.892518884657626,33.34882291777449
25.559503468589828,33.28253756854334
25.30974084287341,32.551855851197764
25.60917574557083,33.35433528178982
26.044443961360688,33.35230454192913
25.69851999571878,33.02231134581417
25.313418529835154,32.89312088333096
25.697814435913912,32.94524004166015
25.745934653571215,32.84852652009512
25.708180308406106,33.15486318593832
25.740908056335503,33.53906540122249
25.368914267514892,32.89306208851556
25.892270174672515,33.85100282226465
25.486426767456333,33.185973555257206
26.1277756711005,33.24392617121285
25.060711601436676,32.83896205443905
25.466490157681207,33.17062037114648
25.798213867265616,32.55037444975239
26.015692237925307,33.70791422591799
25.40562783855695,33.09622192138036
25.205546903204507,32.891837335082826
25.580266859967985,33.028109236305305
25.36757256788495,33.15565362040106
25.530854571656995,33.692736357576734
25.188502852877793,32.72572027055903
25.51792673515354,33.4125491273475
25.31535183931627,33.368848135005734
25.65858532000912,33.7606199753411
25.872360296462997,33.43825846756395
25.72357449937181,33.42980011362851
25.7036334933953,32.93094790988428
25.646730178474293,32.89925158515351
25.641521911691406,33.279808963002495
25.929604345378813,33.0673642991399
25.71844358763579,32.830212103282626
25.12540826441954,32.81243899787152
25.899010318919526,33.63754187866157
25.6458448539468,32.89209508888904
25.577230744604677,33.54650032944435
25.441317940586643,33.52601085696169
25.731962430443254,33.71599027319843
25.860705871000985,33.235722489209
25.565772578948064,33.34978488168372
25.67831786557752,33.40559115352328
25.192367416998753,33.07629230124714
25.577128154096087,32.87425954720411
25.771799104181138,33.69154401640899
25.65911301247776,33.00122281499865
25.798562030362525,33.295597004460085
25.671371693953084,33.198656221285596
25.59184053392623,33.72983494411124
24.788982911771697,32.203551237054874
25.774439212584916,33.3796168724162
25.565563452127066,33.31071983509724
25.420598149391566,33.30454577679215
25.825049923157838,33.12718421835266
25.880570040777652,33.102385026918725
25.38689325385735,33.27153934041524
25.52631267514711,33.23355154966044
25.65021891121949,34.29515992601759
25.77840215755772,33.7690416358784
25.5321812214615,33.02043242503655
25.072719793865417,32.67490467551513
25.75234311831473,32.56908574845231
25.202056698044945,32.75933022099449
25.527286902178933,33.42766204788247
26.169463800532057,33.52743673928672
25.368977674626883,33.174194106105304
25.90203164051014,34.0228945933007
25.533794891576193,33.775983680028865
25.510873509594813,32.82526403422408
25.977616031872454,33.41023644571984
25.644121395785387,32.60479867566332
25.751550410289017,33.52502906738494
24.920742640220347,32.894659900778166
25.96975650127597,32.78221925111654
25.52758430697972,33.405802246046896
25.765739274641923,33.51020040741762
25.27000131744095,32.95334290186104
25.739867662503404,33.73491627210517
25.73614838948795,32.92035391807423
25.9309916067666,33.10507402202383
25.620770079802973,33.359778407359094
25.762432875095367,33.16704814949114
25.453668798613503,33.04327878879667
25.798384280874686,33.71830501692945
25.710997936340124,33.371909288935974
25.717243102543826,33.52454891074431
25.26285834639313,33.24112469263253
25.50010313568675,33.265274159520004
25.534983446697883,33.047924624753044
25.297465897809733,33.38931317445494
25.652141435135785,33.26685921514939
25.04616550160584,32.704139886221455
25.093577991324818,33.10623976229211
25.204586208843782,32.80131003738635
25.628365273776858,33.066486082552885
25.411886716491278,33.004953481533114
25.09888995069204,32.95232170010473
25.52951163964717,33.381112261880695
25.6911202202415,33.59935475653297
25.766030557270437,33.11705894585584
25.48557273365203,33.305665133219094
26.130937153770137,34.06751657456766
26.19300592516763,33.81250224338066
25.65136597362075,33.677553867965216
25.739359113950254,33.24836579988292
25.801062193775106,33.39448043469815
26.164835738609746,33.63329722871903
25.621370644267326,33.17374184382001
25.95613166459086,32.85977930134951
25.325134360739735,33.190976985241846
26.075239656462234,33.781036844660015
25.50778108429466,33.12943518374079
25.725374738327126,33.04687404997532
25.78743157570928,32.75017844972993
25.96064419813546,33.41561032720378
25.76324668556336,32.610850301788886
25.738584842977197,33.37452088461869
25.69085917809878,33.59943587718598
26.117941008580157,33.20565280965296
26.10000675513497,32.98834410818233
25.69668389723887,33.76297411786199
25.848928889540247,33.67225134011292
25.605873709522452,33.25425402062796
25.571987686861195,33.473541133710526
25.923581606377766,33.372013762545265
25.374225408874647,32.452019476784734
25.562813990313987,32.97792432308673
25.635823087252327,32.96599799480524
25.735543298310194,33.33985594339741
25.146763044372506,33.47313407763214
25.233885813978482,33.24624872151113
25.553575911804764,33.37925579216993
25.84970934099956,33.15952365045792
25.602487093417828,33.076554036957724
26.003848403618573,33.79948943211455
25.139968878181346,33.260129374548214
25.94928264892519,33.14554494733358
25.47392897723993,33.309777324244536
26.079227035856242,33.12371841678848
25.790592222578752,33.3803959081286
25.748129269965425,33.14489666155835
25.459656815632833,32.950463819222165
25.862171109421954,33.358492314728586
26.25663462275693,33.56104127600729
25.958642840105043,33.37331641075907
25.370709204317215,33.53516676280805
25.798786356738553,33.12484225478733
25.25386885675443,33.253550486442634
26.079209098429963,34.07809711131273
25.86899291628394,33.3152019570973
25.699377918132008,32.87002957420066
25.621102412857628,33.23187678392859
26.01420265345841,33.695910433736906
25.416965594862173,33.1455316593286
25.31052071241021,33.157059154475874
25.645734755607236,32.98373129763457
25.520157652040595,33.210493364451196
25.585818535182508,33.58737936810038
25.734567960162543,33.690629694572756
25.466305149793524,33.56633800846257
25.643819244580364,33.06697155685323
25.741334885190728,33.4176552768361
25.313190811288873,33.18438981765394
25.614192741900283,33.68620842333279
25.884838008540303,33.56994287724789
24.784487372238768,32.975738571304916
25.515007022085175,33.42322215948112
25.83982062363514,33.140623261707674
25.404365510085448,33.17010950573711
25.091101223535755,33.36811743107492
25.40448076512225,33.25243315314341
25.93616137131503,33.38465856911963
25.136669462268724,33.28589604541462
25.47274454463657,33.10974005618726
25.66834609285793,33.31558788827831
25.03256375370115,33.00313038125771
25.647256144202313,33.24592816275364
25.46834624645077,34.14423811661616
25.944870906653172,33.828785563041265
25.7601507824936,33.700522531496524
26.007785745489617,32.66945555335298
25.65102491850179,33.36230111293199
26.25926935288951,32.67376496610113
25.507970946503622,33.31722350046585
25.49519265048034,32.96883873914719
25.997569573144006,33.50303437370857
25.53256915885032,33.31821124150666
25.83240515351886,33.47324062201642
25.817302667242018,33.54707866997649
25.687311891811763,33.35292643525722
25.3914310996238,32.70309820550614
25.744787410984973,33.55322598783779
26.014619416526834,32.85678399976055
25.912130836331986,33.45736776062484
25.752975892779222,33.17081612631047
26.095665536009857,33.45504540218564
25.037143195909856,32.47052345300088
25.31108628202478,32.886984148199126
25.751081578298425,34.02742376965639
25.216365844189045,33.31106940483133
25.580626920427463,33.44020717803998
25.1456257475656,33.567092682356275
25.60006968547401,33.47599848098916
25.667093403407513,33.63098823432884
26.248679709549425,33.61218867001608
25.150691428796364,33.41808137163502
25.535866032006094,32.871228104845926
25.208818466053195,33.281644780299466
25.551776292941838,32.832168692395435
25.806604064509383,33.241510128685405
25.488842475553056,32.95522081805765
25.651439483662443,33.04128041200875
25.775627351500518,33.15007826790301
25.74460026921347,33.84915189647956
25.87273045878053,33.39669829208445
26.035555399104993,33.70371408766901
25.83072830519045,33.70475723592801
25.938740562109707,33.52331883909073
25.955897059771875,32.96577068841629
26.237180711415693,33.26385430962352
25.25924008048439,33.68577246286451
25.414626543839155,32.96035969380097
25.903225074656945,33.59885624993055
25.74507942707542,33.14057854696901
25.96987067613881,33.417189029175
25.973172366369543,33.23716145981371
25.710741791921457,33.485381896234216
25.6945696338703,33.26618513252253
25.643961880916326,33.302518987164625
26.107160094860085,33.74035451977617
25.458016409075704,33.184914093387306
25.285449743466227,33.29479871971192
25.686769079916033,33.26834211299018
25.650947263541735,33.15770023103003
24.96608680559779,33.002529280305154
25.432901968581465,33.09524453536288
25.344192055640253,33.28093421691861
25.777149967262005,33.12597836040291
26.03706538703455,33.08492330908203
25.38362737773804,33.34128929835597
25.702479878622306,32.94517786466888
25.96462220220867,33.571893133125606
25.93031859678091,32.77630333198819
25.569797393659627,33.61240866623789
25.39884922559299,33.35345504902717
25.31745175181267,33.245186445415754
25.152073312265347,32.8341038001067
25.137109070007384,33.24693509121165
25.820904106630987,33.14657542108069
25.78913404335549,33.37568347951631
25.329626347026274,33.31529375260683
25.77070542936769,33.118872726885364
25.479286252738902,33.08985582356397
25.683236779582163,33.64448276539945
25.691532399533337,33.462828094168394
25.64712788019569,33.05077950200715
25.597781979463548,33.05121098095753
25.179757439478387,33.209190334860956
25.859168783916918,33.07958846973112
25.974243726794633,33.35318334543365
25.8740501007142,33.27134562889397
25.618500101461088,33.239227674045736
25.44808280968912,33.229092615369346
25.608039479069024,33.25369912385602
25.43944050973644,32.85019247983455
25.242421067919807,33.41391928639136
25.896216827083833,33.01553928365311
25.732393101809016,33.15941092327009
25.496874021625754,33.01051566185475
25.683928445727094,33.342226627154446
25.486843456367513,33.09354018485734
25.728600098244552,33.42973524116315
25.624564126037257,33.322867280353215
26.04741695018076,33.44271194864221
25.616700009741738,33.165020109929905
25.51414012841971,33.29159950541941
26.121075440985667,33.284479112753075
25.60868981793359,32.79286224188007
25.531487634030825,33.1498001767483
25.575796465815827,32.72669465944322
25.382053812939173,32.883416528244126
25.046395062556915,32.71118679574668
25.86732020371947,33.467735690463016
25.513793916634533,33.60669800759365
25.454841841647774,33.51969539904194
25.583526041539375,33.61348536610079
25.986990901990183,33.31389511837738
25.577722367360536,33.084586603407125
26.103264517258953,33.62509461081093
25.49793429884173,32.77376294161453
25.567209908035927,33.14296277596995
25.655668786037236,32.47871293189624
25.832842889274016,33.49273706454266
25.54320624344748,33.59361673390699
25.422836990785424,33.13706955599821
25.38262346134139,33.2144498635943
25.797167578828827,32.89446222544016
25.379137964311127,32.99105473000666
25.799659720674974,33.27477273084939
25.751273062042895,33.096496704149146
25.68081066020093,33.22751831071325
25.896925226260773,33.28372416568902
25.66559914988834,33.05041380543239
25.29753320067941,33.56570590351225
25.342998263028296,33.56378154780969
25.478729975334602,32.8048608500777
25.49496364069703,33.08675854559953
25.9977338247774,33.68683123160543
25.238655199747832,33.25855012989173
25.688027342837636,33.63159887129935
25.746318945701123,33.63352152917851
25.19964797694044,33.015879897958854
26.189570885863393,33.19213541719907
25.278557617492176,33.393006397997134
25.416767747859687,33.30492434030285
25.589310541214576,32.81651037908738
25.617148931058672,33.14595427965906
25.522566468671837,32.7943642424871
25.10298706552021,33.0629029345347
25.770826582908203,33.76717356062268
25.669793705029196,33.53997198573095
25.717087214571087,33.39300307779092
25.470241917320955,32.95173796478131
25.907971500398148,33.197452473250664
25.349347718263495,33.02818642091339
25.5576460187541,33.11860445486283
25.357085381237063,32.62937836679014
25.694996874941527,33.38404418459091
25.322805450630856,33.3012850257338
24.980779868405236,33.4737474667372
25.71807038118927,33.61773822180186
25.19464954259382,32.85620175153747
25.404553287934057,32.930430890280846
25.585505889344933,33.62538621502611
25.699154926554915,33.87887793624944
25.43080329000997,33.181800704613295
26.006779436526845,32.79236400628743
25.315410713140018,32.552141307519086
25.75881945703328,33.682733468501524
25.688856991838428,33.31757311275885
25.55655591100495,32.81716078371392
25.64208530032708,33.107134536159855
25.37872574976944,33.39556956136422
25.98869515452207,33.29545391432466
25.64258942307833,33.72219638378304
25.510104773294927,32.95310026313294
25.415968577993663,33.23305782927914
25.83131297314227,33.10764915061987
26.07433360557434,33.15114131720581
25.786760972020453,33.44992120492244
25.55899624041704,33.90802740002985
25.34535512554183,33.22633460015213
25.30596032098081,33.05480369695599
25.87389334159077,33.19286651972856
25.970991023180286,33.81193468523818
25.30550017993918,32.77429305444726
25.785353220752217,33.45407657457148
25.513988675859867,33.40841779472667
25.634728904940033,33.1073438741083
25.776748504250687,33.040129217772446
25.749439945900747,33.22426156157704
25.57666963702457,33.36898441945563
25.023079932635664,32.7923787713119
25.238370785867243,33.05308776131365
25.750089760121572,33.41368592319258
25.75872926051089,33.221396065297796
25.985587354612882,32.87886399062833
25.42849237469641,33.50768281396495
26.025607227887743,33.797914127924926
25.67642045391779,33.59199212567504
25.608554012484415,32.930014196211864
25.880070358215182,33.69029786539195
25.769681929796096,33.50605499813347
25.490607872104615,33.148986463444075
25.40861654826878,32.689927225114424
25.725289618151244,33.01044140360981
25.718295931363706,33.88800500918348
25.947030595691245,33.097219068516424
25.62202731898085,33.131908384949426
25.324719775857222,32.98895536321917
25.637262896877782,33.60566524921723
25.198342372593828,33.353725769859096
25.82456132693376,33.46165317374234
25.591764175808784,33.46973306983153
25.931702164869705,33.5721129887161
25.927316278287645,33.520363677993714
25.956976730408293,33.292352836203946
25.067701538838413,32.79778724775126
25.344228230802695,32.95411190398401
25.974133630089277,33.582270715898275
25.566532948200347,32.91198535650099
25.81987887809229,33.784004143377125
25.46183359350845,33.10301978864273
25.47263922437573,33.29240625983825
25.604235795196793,33.245086753510286
26.033404184703272,33.412781417536
25.521159647258695,32.603190008850135
25.302015906685575,32.99821880207564
26.23520935658079,33.72348327320101
25.57572051104844,33.52957374262597
25.14104235362177,32.97569399588131
25.90114599298159,33.486627794823974
25.69170952402166,33.694122593332644
25.414672243390253,32.73558275749667
25.93908260257645,33.92400788651536
26.158358180406875,33.16060882579317
25.215810063227075,33.07203244817508
25.40967791204932,32.97891732204378
25.54744674205988,33.29545328949521
25.422118908445693,33.505569737246546
25.329767589802426,33.531795279542216
25.36612532237774,33.38190343850924
25.573252272465215,33.54396613482595
25.98090296732869,33.31838212924851
25.162315179806555,33.34392676019187
25.41862560184421,33.70155483316685
25.524428431446054,32.94003478830141
25.734454009915513,33.78224699834161
25.134730151211645,32.8220082218689
25.517560329646255,33.59114125962797
25.51389068157018,33.43343812309781
25.679543150401777,33.164492122937624
25.754854184223536,33.1611724076002
25.46751976678205,32.66886003854879
25.902944652657247,33.44578820513653
25.287354350556424,33.1374823177054
25.647141634812673,33.26797486327469
25.71452105428041,32.93389504611691
25.81760977663272,33.23613535901518
25.39519233913361,33.49552318101919
25.375892113764706,33.203648927320074
25.432387451990902,33.621097941596794
25.815880053901687,34.062504886053404
25.557476867546896,33.49288010772146
25.129907774151974,33.01106716160932
25.8016836693202,33.05629907289242
25.493847042426275,33.34735566857216
25.95739756586251,32.888304632282974
25.67560444199389,33.35217322143231
25.801495926864902,32.80434581815197
25.346478706016228,33.034027075164516
25.934599488673822,33.621008472011574
26.13081513946583,33.507032294772124
25.878549264889855,33.63143790356817
25.69384932890828,33.17555697141201
25.31595564648416,32.76012190526262
25.527089466872702,33.54815218509725
25.677061491081155,33.19855401831027
25.415879156329762,32.816765684329724
25.388759465350002,33.04807338673947
25.59199712775046,33.600415298444766
25.948794427723787,33.16078655407497
25.826769357723034,33.39670211331487
25.7006165871088,33.24249255684269
25.524296629038506,33.35184746158056
25.724398952480218,32.99820334099946
25.654872780021485,33.284942637504585
25.905668801087725,33.37825247565965
26.059702187388215,33.643486814177386
26.135069828400272,33.864333081730095
25.697843558280827,33.68128803775432
25.654375685646148,32.59513086117705
25.62858370390303,33.11304606065389
25.3163597816002,33.03264901903956
25.89415235900929,33.40011194110297
25.376465054793783,33.59698815320953
25.784419415058032,33.37826550001538
26.023092534607585,33.30637257976535
25.115553806742614,33.27155252040035
25.5875708049044,33.70341250372069
25.56736315227942,33.09268603960697
25.154226385289174,32.6414563225972
25.354999016415558,32.97359202844196
25.893085138604388,33.249067864858986
25.205278525649465,33.273292413159595
26.03192377281289,33.060308892255065
25.256999699370535,32.754056044343166
25.557323384453596,33.165866721815874
25.70903883447931,33.40918977113877
25.65912445906896,33.2358562783077
25.03408050159327,32.92703480391851
25.710206082136807,33.73844952475502
25.496857271853386,32.85908434533206
25.580616931431816,33.057445354158766
25.81113856828868,33.338217241675
26.067244090621955,33.65420567420173
25.91601258906181,33.26996987714619
26.113741204698933,33.32846141462384
25.81940184858996,33.387058281540206
25.41795107518057,32.96020496193195
25.428426184699,32.7637606749453
25.464352132631216,32.902946354625165
25.902160100194195,33.70560254159138
26.047974669052998,33.30468508761086
26.09880105922172,33.48569543746119
25.832177625092438,33.71928415652802
25.372102978255537,33.03076397361014
25.715514961597787,33.605013411745695
25.963985863735388,33.13948182285675
26.0054447032764,33.762171164360225
26.009058853752503,33.47753879113093
25.451370962150623,32.85489946474016
26.342956609598367,33.56757917304301
25.493269767992363,32.90768879575974
25.471128368050913,32.87713246218481
25.127428823807488,33.36982013967416
25.80323715173051,32.9981323667725
25.697153954142678,33.463416786409184
25.633730668354357,33.73693678764424
25.499911743371346,33.52390233780857
25.74257654288816,33.20077781174951
25.696561436619138,33.05594985751291
25.632855149123387,33.03487027331894
25.85425486982114,33.5809828307802
25.723219684945132,33.69591062083942
25.853703359261026,33.39340294817021
25.459660744198573,33.80278670561384
25.562708319375446,33.6191959535403
25.870272534068437,33.436296846252766
25.166446427815984,32.93463910673751
25.461265581690334,33.62166902494217
25.582597648296787,33.02922402942625
26.07971621840799,33.15400134837496
25.733197779394565,33.63452837790757
25.602877543094817,33.88938190517024
25.230614121465774,33.18719678807008
26.103734328688716,33.5791427770298
25.76196146765466,33.373316186985974
25.738120948683243,33.42220125073612
25.752146360808705,32.86034323678348
25.676936190333997,33.74731415700455
25.855869474944907,33.80328906399706
25.045486413609396,32.87565232120267
25.37033832547841,32.72030251334424
26.264601919247156,33.515144265041926
25.451011555797006,33.05537677641336
25.2150859975374,33.17025491025427
25.582810793417657,33.30809339900928
25.960403781082753,33.318496652121475
25.75206024205321,33.035310994092946
25.96513722180783,33.43480909307054
25.55260593363726,33.61874379734995
25.627071163280085,33.16792984700415
25.589437936799467,32.846819537083825
25.8893825465087,33.31981786866182
26.518575915355523,33.78571669135275
24.9921353155957,32.91400566720682
25.831569878769567,33.55594569666822
25.794493628231635,33.49447105002207
25.37910759169398,33.8172928514962
25.553427676475902,33.37556999252156
25.651679477517288,33.451247127094376
25.361969159220575,33.50869040946571
25.836739391824718,33.55904045393455
25.577511562334674,33.550056832628805
26.222802892526325,33.486526341205526
25.848359238892193,33.546458117895746
25.079486955032234,33.20998992235715
25.450252925865744,33.55997798049343
25.585906079558384,33.618390736913774
25.384101890634383,33.48124591708532
25.604104725446103,33.370459320709934
25.24926623991608,33.19251053157327
25.8470449729325,33.726593738881945
25.154424173049748,32.99123061196154
25.760507588501603,33.40166841723309
25.76102976405335,33.30017695317136
25.55070235175277,33.43306118320075
25.97884757492174,33.499894056807236
25.578106154359077,32.60414252209351
25.68890873922841,33.40288998461382
25.601930935402468,33.62669126672239
25.62772312648638,33.78365532481094
25.669344850658632,33.033177586851565
25.46576596308487,33.07396410488458
26.141873860192298,33.62742484245239
26.032014104287082,33.8543121505174
24.87217394263349,32.800693398327375
25.985956485066204,33.1135314684316
25.767462176119817,33.473852307460994
25.759908825100432,33.47308116401124
25.77108891575473,32.68352867890899
25.33164098763037,33.288245133878526
25.658677993193255,33.09405370666054
25.794187920466936,33.67586320417152
25.965885937038674,33.324532257789585
25.78802934582092,33.63237865849182
25.587165705571646,33.11603427780518
25.587025925361296,32.91412459782432
25.635623098205453,32.90194437194668
25.581278468251845,33.435370614038625
25.849544309281217,33.379453927716476
25.718028807781458,33.63606871906026
25.7293360682232,33.524231751574206
25.66057438095271,33.310890045520544
25.556317968684233,32.79343383264859
25.187675131888025,33.321190438224164
26.15413015448503,33.33602782629968
25.355512434954154,32.70754654289269
25.679372948252762,32.981282050919944
26.260280042417918,33.57110384308237
25.536421035564643,32.803494485257154
26.018331800191394,33.577261536621656
25.737137678215902,32.939219706362266
25.645595318499357,33.763818814043105
25.560722952484184,33.176201574295135
25.877475319304875,33.234639722607845
25.465828484582442,33.17020849383793
25.261302300779665,33.3410137914825
25.929046685063124,33.582443591050236
25.867340381992392,33.872664652864636
25.915363597364877,33.23729454152441
26.31802049007129,34.19241708556655
25.62642833220768,33.66763995749357
25.59391961800419,33.06474480381552
25.47502413371486,33.3179548768934
25.98849669444145,32.66343645034197
25.638301837416037,32.85117299624859
25.58499112563006,33.70919858059498
25.521435611665787,32.97654839194495
26.091427342198248,33.38128537599829
26.099529463488857,33.86895553238301
25.920099638685805,33.020196240160494
25.590074609054746,33.55873728613653
25.979742880077247,33.87404030845997
25.700140843926086,33.391024571534416
26.123705814450375,33.69550379314292
25.849035438640584,33.2927088082724
25.810057047111,32.65789341781014
25.436652068375608,33.57091853168186
25.947338259549962,33.63915013479246
26.24275480821433,32.89602814517794
25.92294542324067,33.620722548023764
25.421772918723942,33.10300191362751
25.655473489543432,33.46168886834679
25.965023199512807,33.862421753442206
25.780302463153976,33.30003087405405
25.861241828601152,33.49819740756172
25.690744253451356,33.592947238105694
25.81281514506756,33.599845462864835
25.49143480591522,33.275526068140884
25.86479858474912,33.2567415504912
26.29040667744751,33.228747544805955
26.16191031327206,33.76702274197676
25.99410972943027,33.39947414049137
25.083300183727573,33.299519049684775
25.27495439961133,33.8004268905151
25.09023097483406,32.975591070106574
25.47086483434128,32.8295466923176
25.867932630351184,33.3857463110595
25.800110104462885,32.86760948092341
25.46945212106606,33.26568863068444
25.309275515682394,32.910028740392264
25.4357168095487,33.4356980717831
25.662952156099788,33.286020700293555
25.457119777797175,32.97675356978278
25.33638907545635,33.168415660348664
25.865681143675133,33.659741110794485
25.666102341701492,33.23370605471137
25.862692959816474,33.84060470412935
25.657904366246182,33.38350724578832
25.62967161186762,33.3139783264833
25.507581854026174,32.83762035017839
26.101814569071216,33.97577816738008
25.160575376134776,32.84756935066205
25.705374775144207,33.48312995161346
25.78826025664685,33.34226122024365
25.554007519682266,33.09770355144421
25.695217224239162,33.344533895551706
25.987065736145713,33.5638877296661
25.565044243695056,33.554139611453635
26.04784906048505,33.10708296841737
25.830881938363266,32.695935389947614
25.546762558479557,32.94279013788531
25.871056393000487,33.24309028073531
26.340238184052563,33.23077515816274
25.689157813004805,33.293369158612975
25.613069852210014,32.4149322379311
25.32182101329084,33.532413271067405
25.69624490967518,32.69143016847888
25.420793537611,32.50539103940353
25.730322367992667,33.17827383969403
25.28266514635366,33.056797019778934
25.675321482164094,33.01685317840203
25.505100237504596,33.33169660737445
25.7521958148672,32.86794778115808
25.74003959480667,33.08332935057988
25.715488921620217,33.58037252050525
25.116941910259804,33.08709022333369
25.69063879719552,33.61132149271087
25.678784489136113,33.09394269335713
25.856598450270905,33.16154244608098
25.41578981416588,33.31681679023121
25.936351936720268,33.58565206343469
25.620534756771317,33.38087486196035
25.825925892694524,32.78538346161519
25.53351749090308,33.587438561183525
25.64373955482744,33.60148879129168
25.188981873524135,33.346545073673774
25.728134370492505,32.95761522647788
25.388999022194845,33.306556489747955
25.435744518345384,33.273071104482675
26.073201206758196,33.5119549917811
26.004274517693496,33.75669508750878
25.640031991385193,33.35189395499926
25.613090368486358,33.37891959770187
25.517763941191717,33.176419965895256
26.18003200018468,34.22034222132863
25.680462773227195,33.22681907959486
25.96133000658594,33.101873493314436
25.389246203288536,33.191668808961005
25.30391730328876,33.07297283476555
26.1283322040343,33.21133697908878
25.68925029764971,33.12093712662988
25.406918320336068,33.352551713569376
25.265973961474533,33.52573828561008
25.2572263158642,32.479286779194986
25.55437286782413,33.21484509788327
25.384389889420508,33.35089507173568
25.748169693864146,33.624018124881054
25.920366435471404,33.2658280892052
26.071361847603725,33.39590239100831
25.388879788616975,32.8419542235214
25.807925325452413,33.463139530265465
25.989874366158425,33.26801305799096
26.279998102114387,33.718520603550864
25.79422549279827,33.69078385963391
25.589929169991496,33.026520562223006
25.985463538363994,32.98935341633953
25.799436983837943,32.28641854008467
25.909499837647605,33.52900112171014
25.311009580802263,33.198343177881746
25.210476915520314,32.726216827651875
25.592705102989274,33.53080744059461
25.70925037857954,33.0126553195882
25.544748891716512,32.940542574968234
25.97094845020094,33.83008403128223
25.9175135749863,32.76103458152039
26.04052387992529,33.63996738658633
25.588407289652054,33.87935417293785
25.458213310975918,33.81489475034941
25.702881579929468,33.1707724468765
25.60333956778919,33.246251443055634
26.043990102138338,33.21556286940689
24.98817535430429,32.987023588994596
25.285087845807674,32.83703389441796
25.117224755918855,32.550854374350415
25.31905213578809,33.57003971393378
25.55007494313974,33.364999556833126
25.804075959088046,32.876148036308145
25.674731389301122,32.94930358691425
25.49764094594067,32.94457643064556
25.73668867231769,33.584180201365555
26.15598588209118,34.19620906291066
25.485756930884534,33.60483065929676
25.311476854539997,32.60473161486049
25.09016729377073,32.87170161625714
25.87180906954297,33.94890681707618
25.258695786846918,33.35861245624243
25.886761240119952,33.47690269660005
25.832536673263355,33.52544787389252
25.272745755293407,33.26531945349211
25.655527254946186,33.449695665552724
25.453370314936585,32.596371206158565
25.295537634826424,33.29859239006179
25.560689976338008,32.322558743973865
25.676234091056987,33.349485569315824
25.51748893051078,33.50594487221176
25.350291014101796,32.83358439135394
25.367070855170475,33.510986847866484
25.929147865896706,33.69232710760649
25.86465647525629,33.74652815416962
25.532358076784284,33.624714393998765
25.641299408497737,33.408649061795636
25.355515423409713,33.073191410691805
25.902671365315502,32.94249553286595
25.561335577533953,33.45829877038682
25.62462323696169,33.20077849715989
25.833227560796185,33.73159465231962
25.56435002943902,33.519292109547344
26.06401621700696,33.86808891399438
25.9339159983515,33.55534695172739
25.714173531062045,33.57435343526682
25.416831274472457,33.47668018599764
24.886839445642536,32.48874717926751
25.166690685577766,32.66565958258488
25.35579746693893,33.24050340660768
25.579549305518746,33.0943768352675
25.282346009247586,32.937103201084945
25.479373218363076,33.27721453757458
25.510573164789776,33.00583652701001
26.076622236613673,32.77832992195699
25.662122542244983,32.54606934069423
25.167368971786452,32.99626915815076
25.389037584388255,33.625312719718394
25.65151311726119,33.47196112931388
24.972380192428837,33.03704970056848
25.714913592792445,33.666145308843426
25.438777313885627,32.91739558406123
25.88261981885268,33.49238012813933
25.961659325526963,33.30469071776468
25.41430626332633,32.936782499049464
25.971228950827022,33.75234953508391
25.82263854130819,32.91885429048455
25.59587439779515,33.52777035806111
25.709400678633376,33.65250466477937
25.99821518520716,33.07805451180134
25.295914858123847,33.284527697556854
25.46505792537537,33.28346701967909
25.875091144117263,33.191739116765866
25.134053495361208,32.68727559961672
25.8340035555414,32.66591226744665
25.89062053216992,33.11813463332708
25.184476367183017,33.338074486535426
25.795466882354884,33.25268978652022
25.66543930720559,32.79025202276965
25.662335808062704,32.995710008014306
25.838613638409004,33.36610743704215
25.213952380198688,32.87655625213999
26.017028375202568,33.91496851592441
25.487730833762576,33.40389178205798
25.541380998920204,32.78680859409681
25.602336796897536,33.07344803730067
25.553709654167577,33.05910234556749
25.809031376978435,32.979544371161396
25.179562419722615,33.363374749112886
25.376951372456197,33.18414770334885
25.922484792736824,33.921040840340275
25.741340863783552,33.725879349338655
25.88705048963668,32.74688427980541
25.354487987976594,33.18361874746591
25.558778841237324,33.22833875282717
25.235077047132904,33.36548511194757
25.968074384693814,33.56361032588363
25.82528900242488,33.07232465682189
25.991818476824847,33.36127851774196
25.40755281083695,33.06465311742687
26.231011170496352,33.801749922249606
25.673326547945564,33.18402357592211
25.95326116117629,33.41802186140193
26.02446986332327,33.627809185360086
25.099330057776623,32.53224196860951
25.18773726972306,33.47702591644289
25.684444736091216,33.10738205738401
25.08888379981518,32.89156691197079
25.91278015720627,33.06492296206772
25.760252108789295,33.73142347710885
25.584113169327214,33.01331960670312
25.771030364644215,33.55571047063604
25.087443246669352,33.03845216724207
25.496360141980805,33.619622481556796
25.35334342246413,33.19947604757004
25.613340854625086,33.72037607321764
25.243560115756488,33.48602910487428
25.908514897312905,32.78877418848781
26.391384017987104,33.890760106280055
25.754592448570236,33.56005737387956
25.44161539867716,33.49630454418662
25.499037241603247,32.960031435631656
25.60512177551002,33.28714698555249
25.60964842936231,33.592271281271614
25.02544531274183,32.583621727159496
25.24016259869282,33.070295660090466
26.10167678498473,33.64436905684236
25.252790317327175,33.11035229165537
25.34939890438146,32.891573590353865
25.831037150768484,33.159182532084586
25.802583172711035,33.1741009941374
25.682812473686987,33.31321604604868
25.399403120451304,33.32663291798899
25.816976251289596,33.46658710885464
25.782932808574028,33.11812513021448
25.63387962521461,34.10217698539368
25.432635501081027,32.88562634011623
26.09481458147798,33.7855270873132
25.478278376996187,33.06750452963261
25.915467063909944,33.22440389385699
25.662118213516397,33.01911534648931
24.963019520520145,32.565684138608404
25.545834607000803,33.65397183507619
25.89520089336054,33.55025377983364
25.866119759173284,33.45426532617211
25.826002801334496,33.184522811082964
25.963470360567218,33.25659252013782
25.978687037862393,32.94229023778464
25.64945769045398,33.672134481902
26.355923599081823,33.899153046570426
26.157217760111084,33.771292036460736
25.65107853565821,33.69360070251563
26.3118386243358,33.506759594042016
25.56016034456818,33.39124963335156
25.651692470918462,32.94474881449281
25.158565521306514,33.61612997864114
25.17568044821538,32.864494812389324
25.771867207746244,33.24268058532503
25.328685936387714,33.283955395584016
25.473945044116768,33.68358890120801
25.41936112005607,32.892217979587755
25.666434941166948,33.38865198768911
25.96693645222716,34.260707981202664
25.82947447933982,32.10675281040843
26.086143177910564,33.8801734817797
25.91584742694999,33.78308276739596
25.672283884388463,33.59385729125979
25.781503666927314,33.233694803793036
26.14915509179754,33.0130139792849
25.706959994242712,33.33717065256858
25.678072270185215,33.23031181751943
25.611842744029545,33.58039293122141
25.586926743809485,33.18366392379188
25.66940294297219,33.27307372545527
25.425343461599066,33.41124949515434
25.484740552605285,33.63178291728335
25.37685196799743,33.334286113020156
24.939691139316277,33.064535606498865
25.96110239905562,32.95866104572001
25.395772979465455,33.16196790613964
25.449322828704066,33.552931763116284
25.442406539026095,32.99797446205121
25.72231806230735,33.11255107127682
25.878236795817894,33.80789184568099
25.896419851838132,32.971627330491714
26.07788901416552,33.11423679088625
25.67928195517186,33.03771499425371
25.97057756146808,33.80616292364534
25.868006656474936,33.47576257533041
25.520102588457927,33.264719098819974
25.763222828911665,33.11756992616987
25.538119648278382,33.48159700124384
25.981830333556466,33.38210436856684
25.60235191842557,32.98421005899526
25.561074915499063,33.43845086931393
25.70479833339916,33.810400133403704
25.52216335473411,33.108780395875684
25.617055054372575,33.07477483454976
25.866087181237617,33.621545683126826
25.68210857701024,33.18021532074728
25.590491194456337,33.31385398145027
25.49410968298638,32.88139163890903
25.988748118271026,33.43479400616194
24.957285307175404,32.649348102496226
26.026870200994065,33.248149519198506
25.34456293483182,33.198492500800846
25.819661595978815,33.54412224349763
25.63817316282315,33.97293598390555
24.950530606314278,32.72010621620351
25.55207465572713,33.366925269607684
25.800369117149927,33.686922227662706
25.391456133925768,32.971789339166314
25.33008124628288,33.16096406891614
25.65021935512823,33.196903411342205
25.13570010619546,32.87659847463598
25.478362805719392,32.967081140548075
25.402239236805055,32.887618482368865
25.703850883677184,33.649983883799976
24.860874618397794,33.04588925978808
25.620618632104744,33.37133047362144
25.685702327947393,33.634317695965755
25.53300861073251,33.323207006723564
25.597103017378767,33.57450558681312
25.818459773197524,33.539257570519226
25.479688740335554,33.12239369908631
25.976180137883645,33.566558475054755
25.49151427389526,33.27916965443555
25.868868731438297,32.620299210395565
25.543667062700834,33.24677939960788
25.952604885279627,32.97768265560764
25.514533687818023,33.24532840085043
25.910702663897617,32.72741008971207
25.494612251146798,33.11380042542261
25.794474974851788,33.370769366039696
25.980614663768197,33.30250465739825
25.48210071272509,33.124378279139
25.480332679385093,33.09289585802833
25.77675314817843,33.295029037386534
26.34823034319489,33.49689536460074
25.69089168294419,33.504152354282425
25.840419340077215,33.49907528810689
25.64955685129572,33.005502416684834
25.327613879168894,33.14963585351649
25.52655003620401,33.11030033197868
25.82752160792996,33.5324772092361
26.010098925510533,33.95253286980597
25.50566138114982,33.234371043663025
25.72654995647821,33.60906431775918
25.422934370445407,32.85274853030596
25.03656998738498,32.82533640214586
25.50701017663909,32.97489122171432
25.81608530358924,32.81822710083174
26.051005663912953,33.676718107856104
25.501516055879826,32.80679408333707
25.78694044269073,33.40914044666438
26.22687223878298,33.60341308977057
25.62962314389257,33.68984418819301
25.20140344960628,32.9784914058817
25.38786267094437,33.441094177613664
25.782225701537282,33.80472753213351
25.71903872355975,32.86542716507135
25.346006297610355,32.843714395663945
25.506065176467345,33.51398666626054
25.172388272338498,33.336109265136514
25.728301009604287,32.930447071972765
25.732063336157832,32.74636700680501
25.17779445643927,32.92643461270501
25.61313200555184,33.3536228110147
25.651103403184816,33.172239991842616
25.56981165127355,33.24296534299834
25.83446824843475,33.45629126178056
25.702505706467356,33.58760309402284
26.094752900241662,33.75888633847238
25.649887315497168,33.15734099502709
25.591612972963123,32.93063738003071
26.111357951472698,33.07086398917197
25.52662202550557,33.491240843438
25.7775115575374,33.22336564326563
25.18442861355085,32.34765849589795
25.357648717829147,33.14369979713584
25.382239283700187,32.655489371105055
25.808695018982412,33.20653102585157
25.741573416220177,33.4264062431834
25.605522360787898,33.69550640318313
25.8291759061529,33.26682928174086
26.161052467434892,33.764118577890486
25.526638362264798,33.33483717775857
25.568312192202278,33.18370364708075
25.445934620573496,33.50138863965878
24.714001455998954,32.860473365730805
25.70379605682377,33.45427736367422
25.575086250262252,33.50162263498479
25.334340768940883,33.232249693282164
25.83843170390963,33.4822533315693
25.194928934224027,33.03732455492911
25.345572785411854,33.21701815097021
25.39939954996081,32.98220791983843
25.42247076654022,33.11797360672516
25.543018867400487,33.147402670069695
25.91372522168009,32.49815716733597
26.21217501126603,33.84651133495538
25.416706999804966,33.72053552305619
25.97706802249169,33.55992997124767
25.868221742989263,33.3479115665862
26.099180265755646,33.38124153017202
25.453334670315748,33.26107696621192
25.441302865750245,33.21911408806261
25.910579525293866,33.56498693302466
25.436093491179133,33.29566780949855
25.735968116667202,33.49361311627244
25.651283282394303,33.31710164285429
25.631797079882958,32.69878342819254
24.979575272733083,32.69219910203774
25.68514718672648,33.540616271071904
25.34677061346085,32.68782230286047
25.466724628264163,33.455148597221196
25.688027754949932,33.49724280652832
25.988482186172067,32.59854938664201
25.766919940579605,33.633926930251945
25.12995336962161,32.99019892402414
25.633156869751005,33.00577884630206
25.897204271794863,33.4030598159874
25.618738098382092,33.057593208499206
25.852682410018094,33.69364606509932
25.429629433786104,33.23202330105149
25.96998589974362,33.5456559413259
25.73808702580847,33.69429183815748
25.412094184393936,33.1089799566051
25.564783358332743,33.45503009397536
25.199626845244882,32.99042508903405
25.9902645212357,33.465030476706204
25.7236546982128,33.288884234122726
25.859819691039185,32.930893064657425
25.789536199199986,33.176589526723575
25.43411360643462,33.0364530136375
25.369975604734673,32.79079954944128
25.303209600765825,33.73636299802367
25.579552994829115,33.22383341778577
25.236028202068894,33.51887105867674
25.592427756918816,33.17428459630181
25.488994523230346,33.20704119736584
25.430597645904346,33.24954375620622
26.275344697114537,33.655677940922885
25.39407333390634,33.633405316269155
25.536859193646173,33.35614743286451
25.840566461761252,33.13511941873419
25.96789293977474,33.549555275690935
25.91727777474574,33.76105962615415
25.618323185164947,32.81528846885751
25.80923801520143,33.09983554575355
25.988906758015446,33.46561486740832
26.0830352112322,33.86597055223897
25.482451000423993,32.85182895007515
26.167782434045915,33.77174891907254
25.372068831029523,32.97881054697112
24.951047049072297,32.98862352174115
25.746792211389597,33.783446975829044
25.625139488090785,33.52417640024378
25.76262969469329,33.42548401589875
25.603242864620494,32.76161323482516
25.963287427934432,33.38568701224163
25.59842816728977,33.07642016527132
25.954535412545756,32.79784451641182
25.971194408505195,32.504496797595635
25.640133984639455,33.555256303046065
25.175782038034257,32.99593344813958
25.52351008319325,33.87514758616004
25.750454323934875,33.3549808230539
25.82572667327566,33.55008648936082
25.977572954620168,33.3196898289762
25.145056584768607,32.69949164590423
25.321697931172373,33.38965784459054
26.091793328826036,33.53200683729712
25.944106318802845,33.66723358639004
26.011614736335247,33.17952332320868
25.40015326529111,32.9572975748374
25.64554580489901,33.520020800288975
25.688217218216536,33.031926570337916
25.592898492049336,33.25072143666341
25.39960619302383,32.95854218133121
25.69782295393541,33.248139155004125
25.8479967140752,33.16427820109637
25.77380825544342,32.8742931091602
26.270373769903742,33.2835830816684
25.91232645129304,33.313359821497635
25.412102637244264,33.29601746798384
25.61125444629736,32.96014941808901
25.8767989358167,33.14147673734211
25.890548765504505,33.072089349914506
25.539932420450867,33.42111118806885
25.563422480738254,33.59652713899882
25.645507295462146,33.81111820355008
25.403545324404313,33.02891700289722
25.706114323830917,33.20757131903473
25.84428212528459,33.392049577802624
25.499113134948097,33.05801953217391
26.011050799423224,33.356321904214376
25.578392365660626,33.10692969850054
25.501608480191962,33.48488297883509
25.830808640895626,33.33763295456874
25.62794277595041,33.637430857629255
24.66310745118672,32.361159653938465
25.414009022844386,33.06472013698832
25.389481605816613,33.22305706953502
25.93192231505197,33.83238396041017
25.789754876154362,33.7269977924406
25.75370214742098,33.61903573506438
25.674294039005755,33.571674322713704
25.436039160625857,32.90027798183227
25.508991654338367,33.20139642338468
25.49816582716118,33.19120196321619
25.987489470335092,33.139709703175306
26.00523793891304,33.4808451896735
26.08173892424062,34.27350378909537
25.69292069648977,33.55696177446938
26.20455536081847,33.56367551445098
25.753009409432924,33.54259573933557
26.0228808119796,34.05087232537045
25.910533744089648,33.89205799339098
25.90135190758867,33.13678001967412
25.833921366644176,33.19003704956014
25.681586347083407,33.17910727951319
25.401000472594475,33.226323739505425
25.093782411319953,33.25717189065787
25.8430822255052,33.83173646661105
25.456853461007206,33.39121904318323
25.583133665361512,33.27176748415839
25.647054133047863,33.21285954069365
25.70987561360408,33.43975865957551
25.37113865196059,32.98536916939193
25.66761679762971,33.492419641931995
25.5114839313927,33.193369241607314
24.900146363611206,32.9304388731947
25.66289511534559,32.63202216005091
25.77617714474803,33.18024633747976
25.57117938983091,33.704394874021624
25.771890621264973,33.82567719559245
26.10259977334533,33.06486579341004
26.090488327243776,33.42626257182829
26.10157759460268,33.72110102187672
25.8094503738264,32.574746018795054
25.985373111505695,33.262130029363796
26.050497106241565,33.47184172749374
25.67986330880446,33.420690762733095
25.645792917389304,32.990534481646606
25.734271438257455,32.88526949640512
26.178244036113583,33.19984468581925
25.98363232189346,33.235950887887974
25.79372010977964,32.85694983196106
25.55547557795009,33.54226172694782
25.772853488091908,33.496602856955036
25.70787324682177,33.083030791631906
25.435883667312382,33.169288537183384
25.5046017061903,33.15782326277303
25.646185140051802,33.608920076311215
25.730253390461954,33.528934780695984
25.627559976828966,33.761140484224704
25.85066047010648,33.37948211160092
25.663974065982934,33.45244845833912
25.667692843749563,33.2426922147
25.45274776880695,32.96209825817132
25.711368930017706,33.13317970926132
25.525143996589406,33.2865211238692
25.796089723075,33.564038025349795
25.683722927727363,33.400250467129325
26.48117870668249,34.15280226807773
25.000915660171586,33.077468976109095
24.92088649547412,32.79448289105131
25.964247333801552,33.4377116638903
25.98878314600412,33.97649576029075
25.054743770447047,33.11426467408381
25.826912642755186,33.01782111353546
25.70508931976704,33.00586313902644
26.161494844469182,33.55040295800922
26.02644468188204,32.93231870312142
24.97469954528391,33.15468444785652
25.437148498694626,33.24815294658456
25.50436974847099,33.399181268670986
25.95664702404981,33.52442501585184
25.62024022181769,32.930851498942495
25.684086290149974,33.62488786076041
25.91385307322805,33.176545770120654
25.864842840052432,32.95216362804805
25.508937290116588,33.92890542406231
25.539882577840572,33.17750412658916
25.565221822135086,33.09496475088372
25.574586995660002,32.905736672771724
25.79535206936963,33.02343905787331
25.391374092829576,33.51336343120679
25.87752509387987,33.47836650592619
25.88956497672112,33.3724127343142
25.67520111554544,33.684299919470234
25.630911851682118,33.420559113382964
25.73198329503739,33.52761188544316
25.82945363890819,32.79068292010156
25.374490885988724,33.16533425569054
26.171194982930253,33.76313093881282
25.800519020729645,33.725945172944265
25.5320033861079,33.17043843544749
25.954035287425825,32.692039221989994
25.640634602654536,33.392238562841754
25.95425210365379,33.962472187611795
25.94511883520201,33.74602604865329
25.31299181553081,33.07111743793469
25.727900843896187,32.31969113761498
25.63626271584236,33.44975256558002
25.646776041936246,33.42447156738212
25.863309972396884,32.54107651596894
25.453166105553255,33.39519489991178
25.436138031904942,33.19618795937659
25.10117673274597,33.31927002789714
25.360999088279808,33.596502402137105
25.80432807775658,33.194839668900414
25.424424931121067,33.11078489340071
26.12808244557884,32.93055269532644
25.426664593889026,33.036629658198954
25.388866634800586,33.25382321081049
25.595822973476213,33.626374638960016
25.44165968315584,33.174681609267736
25.790829366629904,33.41467208404386
25.425749990430702,33.39672189514091
25.966884337077826,33.318192368383365
25.10311716164968,32.838029567048174
25.22294463294709,33.01641737354837
25.661133382269334,33.40679801164089
25.580107853435475,32.66045390687295
24.927765660497332,32.75787673554754
25.733656115588296,33.12035932130723
25.225500661297257,33.560376660611595
25.62962997934225,33.46534701961981
25.245704022777726,32.83079858401051
26.141497878350993,33.3281519654105
26.15888135776925,33.797434856712016
25.034918607034474,32.78115043051439
25.69602451304913,33.21241967376208
25.70812093629081,32.88879930452248
25.87229907324226,33.34588072142083
25.75466021490214,33.413169970895375
25.549345570806633,33.15136488158475
26.005122068287847,33.52037699620524
26.295353691420043,33.410991375297
25.972854152630823,33.357159938140576
25.953012527598307,32.990396438605394
25.5674378626663,33.070785358626004
25.54011866199542,32.92124351107905
25.707167403730455,33.26741812515983
25.645910236617162,33.68386837368577
25.608465945740132,33.12712569729342
25.662744524838,33.420034952100984
25.29456674476298,33.09836131613944
25.272853904559916,33.289015194655796
25.94214748199586,33.34917113899543
25.39455879637621,33.429342924351296
25.53661747133874,33.675274799784546
25.51447297779749,33.05746727576945
25.49910110025156,32.94822222035289
26.070645507140135,33.17282696096722
25.25549723849292,33.684180755912045
26.400674268802582,34.18003475876123
25.591020647640818,33.40651444200229
26.04761384961059,33.60606854688558
25.418547797140523,33.857335503654014
25.85189167090423,33.10432530608403
25.525904688144013,33.31661022898146
25.736798387977508,32.72337509775546
25.791249906688606,33.99836048112372
25.228627633318514,33.29691983933072
25.805629410416064,33.02956482993635
25.02142316886546,33.42568649878864
25.880389232570348,32.49334265614306
25.742215585212318,33.82715795212144
25.85619971160471,33.33053886289264
25.633564993236497,33.910574924060185
25.473428136980775,33.57695685074256
25.83165369194891,33.34540907258072
25.05372025831003,33.6063997320869
25.500961526331686,33.23423387611902
25.302301438717258,33.58503891091596
25.84437355884364,33.00960837119207
26.06625901023955,33.449118834054566
25.18005769217345,32.106526945529744
26.051384450293646,33.18709384703915
25.95573963507896,33.788149666659365
25.70653556913639,33.71315262724677
25.816187250205246,33.80909342151992
25.69875465323143,33.59021636818612
25.934923601209512,33.45680143923652
25.502483124157934,33.445318459607016
24.694542640226988,32.8080224020234
25.83323665416711,33.04150911785861
25.95053307373967,33.37870815868791
25.425659235211022,33.1232949206073
25.772257753087025,33.644584823514585
25.62948568327781,33.41838055272786
25.795221644278733,33.624588060804285
25.856235230514628,33.44885519024215
25.550896622772267,33.18855630894955
26.119017582012034,33.68771818912939
25.42754588053354,33.29813206427063
25.721151466180768,33.27923161859032
25.662207389052252,33.423941749670746
25.52336547734259,33.25355933668153
25.24267655800201,32.40712508320302
25.21484770315859,33.64914882830273
25.471499788392542,33.255797001858866
25.530991502322934,33.558531715256535
25.29795080024324,33.644764614392
25.20793127391858,32.93189473009337
25.95339868337558,33.692633034761386
25.60508744540924,32.608895037972175
25.835085885681885,33.20186824321129
25.681827048344104,33.5195566707801
25.671032982246597,33.54528786028002
25.59525957623215,33.16446300689467
25.50692049510378,33.212959984463446
25.883299213315816,33.449007002744196
25.20301954679809,33.125316083051835
25.7464548392998,33.19025114249754
25.25114498606717,32.803296305142986
25.77945096724683,33.38233470227978
25.75542302565689,33.53344911262216
24.89110559603921,32.98000671298797
26.134975419961176,32.89493157615816
25.491699251340872,32.84898649397914
25.809758710484232,33.782415151801764
25.399619032465615,33.62107240024927
25.073127985242024,32.71245374790956
25.611894813263916,33.18296512249979
25.51264920874928,32.69231891898843
25.722604574339247,33.67768634799039
25.383470287035834,33.21768235634893
25.894596447226697,34.231799489516604
25.774217720414633,33.681167689277935
25.404697643735652,32.48972417714511
25.557474344445453,32.99352397577246
25.471135380566704,33.44675976174899
25.615744674552083,33.47868452274291
25.3359880267238,33.0687657569305
24.815703196623843,32.839428904403505
25.82972233271304,33.71055151524974
25.845060331415226,33.011404396009205
25.562496974458867,32.939710583687365
25.351549206400183,33.297608603762406
25.77022223996589,33.37154994791506
25.957896253093203,34.20128293998012
25.754368209367147,33.135513587756336
25.633545132131953,33.70933242754038
25.491786390389187,33.00760695551307
25.506493776727584,33.69662625235061
25.365097174585653,33.5397687425989
25.476906617243824,33.40855782058435
25.780089081161808,33.52364132161361
25.706492596674853,32.93285267264333
25.864230698038515,33.619175261093496
25.41474472528824,32.715650392439954
25.527937523963978,33.144558636828705
25.809131057355792,33.30595666048689
25.907789729001557,32.887852118012454
25.580202154426544,33.0407335868363
25.762039737655552,33.2082674995832
25.487774160237315,33.474341806068495
25.80279112416664,33.57860714982941
25.71729021162123,33.532389421769736
25.531754687106005,33.344106605978496
26.209697511247686,33.18631560318717
25.70471946366363,33.400983222980514
26.096671597367873,33.08178776609482
25.63879029867806,32.97191742633425
25.957999399790047,33.05620630045187
25.75425025556112,32.95994732190812
26.04142037524323,33.66600682503595
25.972150944690465,33.03355451766261
25.744219543758636,33.25814291748854
26.073141079996603,33.74390545926067
25.73130400767027,33.4293794420509
25.924603378591957,33.38638515080993
25.549684875956412,33.59127377296804
25.60630544046353,33.21405554468019
25.68607582287058,32.98912559111868
25.57062195263828,33.091586788819086
25.94346840923504,33.55648979183151
25.754495070494553,33.53833447910868
25.640284509008783,33.42282046294345
26.125931706330867,33.40076537722847
25.219885713029694,32.96040526169275
25.67540693477215,33.64740160860932
26.245070124238154,33.713295913356106
25.57911615044343,32.95853226431641
25.499835254555144,32.70171416819445
25.586472310620643,33.04211646622307
25.310614605801234,33.54387510921116
25.833158549491547,33.623398456925486
25.64047224249054,33.080566290250836
25.9277246223081,32.85257994499487
25.753128925177943,33.19564887058296
26.24359799062396,33.63786630009396
25.800092478077797,33.58547838659051
26.024923675665974,33.78249290629048
25.45405995711675,33.38682737989283
25.561420052941912,33.709178757820894
25.15895447118731,33.361557714319616
26.162478247849332,32.834900013323384
25.479437582124387,33.64605581016572
25.186042507978456,33.01586132724944
25.630993468095866,33.63371061532476
26.170593033283357,33.50351502591762
25.292602279825388,33.08667047297491
25.464188267197244,33.08241940989188
25.27949471806376,32.92127300130058
25.265336515423492,33.35234156945289
25.44181588963528,33.29349254271967
25.436318657455242,33.72522715123832
25.559644246644954,33.6577445959872
25.63125455653665,32.86393119936669
25.997812618530567,32.927130644538266
25.371539635552068,33.54757413996465
26.105431665970478,33.65662075514029
25.41588265790771,33.17861586005681
25.91854665637111,33.7335875589181
25.71114191597123,33.43688702209645
26.036346092608017,33.75949872723923
25.66426904480869,33.28325388429328
26.095264810468223,33.72761469021
26.044606423472946,33.63491112163784
25.329015608876887,33.4379483534227
25.7154726510544,33.13212623128317
25.411737241011267,33.180585430573515
25.195082210262882,33.27273790328477
25.585824922194533,33.686365903960535
25.67446360385312,33.569070988565976
26.088904063780937,33.897551060695996
25.828620375835598,33.54407951904547
25.21297344133773,33.51328033234581
25.815566578792815,32.77553615964734
25.427517882554195,33.25748060042232
25.554809858568195,32.70672901306962
26.208112710338256,33.40948088994604
25.68857759282573,33.20406077378228
24.984115917341857,32.895250639390966
25.811370852411432,33.16955886329813
25.267833780594568,32.9818411523994
25.841712945910697,33.48239132595289
25.847636850133302,33.29549413063136
25.56394017223836,33.08080189759003
26.017405549239477,34.049579783753686
25.727106310794557,32.89247718490735
25.38755912679946,33.14473827031972
25.672604461719267,33.04497711846548
25.916208590714632,33.840680681740956
25.5981877303823,33.4070673455553
25.461643645461702,33.378942473252984
25.6975184956047,33.36116116138897
26.03498245440872,33.0580302047449
25.232307607787696,33.401311720714894
25.77281949435374,33.49646335828408
25.699550870316735,33.481063870503405
25.741298660280286,33.65853581053528
26.05406403711836,33.51940029753232
26.03644641808105,33.36834986257258
26.049453455079966,33.496980331446395
25.59604982476872,33.255418004068574
25.520721543063026,32.2367954695528
26.24937450085773,33.21520498472852
25.599100587444184,33.457137698309374
25.790647619933168,33.566551401098984
25.739457942800847,33.19125516493742
25.29346156300502,33.198257074159365
25.512586276057437,33.343271302098756
26.029157445457052,33.32997750384416
25.68093041610989,33.4235310656882
25.54274062650492,33.257373456725595
25.535900000419296,33.64025699498113
25.652617088933106,33.83482144090922
25.838006971270772,32.50934559579497
25.957331197782555,33.92729708886611
26.06471896764303,33.71063331067974
25.846429752469806,33.080317493311945
25.537369649056522,33.17534193607794
25.393332359387337,33.44398971799475
25.649984015472473,33.00994903719004
25.799796490142185,33.47939533497178
25.97620528348259,33.342081457994404
25.24829826983083,32.950070044513524
25.84879702970328,33.311697469203665
25.73352195939992,33.09153057147997
26.02846360486433,33.45969844016322
25.65706524030049,33.57487463944242
25.72340783191558,33.790120349831184
25.802685160866652,33.21195022851847
25.803335360780885,33.556588103963044
25.565194012732533,33.17486203221104
25.749034049587596,33.924429567526566
25.79682382036609,33.19984250500804
25.495140650329176,33.37481085626765
25.61604299607351,33.38304860182102
25.789153566423934,33.67335823530292
25.7293739451569,33.37232595213046
25.726740523756696,33.50728594144103
25.486120040746027,33.41523984738901
25.73974532821909,32.87562653352251
26.073557780980686,33.62079000564734
25.453815587177584,33.1816511559414
25.472259514606563,32.98685266696688
25.410005931604175,33.385738128230805
25.48946719189202,33.6824583454362
25.66655689859896,33.21954788865175
26.14370294522142,32.92473166237612
25.412550728284995,33.18487940051163
26.098750572852282,32.95469863155021
25.50988910211322,33.17194277391262
25.84627289996643,33.73398055326137
25.677253369293023,32.892432233774166
25.69963338222262,33.4348371882254
25.69936965351645,33.38363483987465
25.438189355683658,33.23574079332577
25.99108105781725,33.519643280331316
25.71870852788517,33.422085353162274
25.99564789559504,33.52865871844136
25.29415489263277,32.55662570161143
25.527687642457963,33.68864128414569
24.84630871260886,32.753190809267196
25.219035598645572,33.20602276146432
25.486960086827352,32.8856870081055
26.016571500211242,33.25608428290607
25.791681311090336,33.71633048399772
25.561597281442996,32.99281616625262
25.434846710246507,33.05916006661753
25.67012035528414,33.74644536309049
25.648205285185355,33.126024071705075
25.81461510769185,33.64542082132006
25.713207186925775,33.53827799403023
25.6227836768517,33.52697864803256
26.210590218307516,33.39595587616389
25.917915145865194,33.311592247581245
25.708525621474518,33.43947595932476
25.447166670809125,33.25278113579316
25.70590113266999,33.80519490958942
25.500981118396545,33.60466128885208
25.682690626809098,33.412899813763204
26.19203968079713,33.604474675064274
25.654295630206757,32.89022955254984
25.752372601293168,32.76124734966363
25.7235157435913,33.15432438090577
26.14949444783189,33.93571718345205
25.418415227472867,33.245256187762244
25.304695035534344,33.2856631943744
25.68338234133347,33.53585264962215
25.485717874082823,33.16812464347271
25.669847470665662,32.90670332557627
25.940320021979943,33.57242351097835
25.93278125541623,33.322085434131786
25.76715518611958,33.0722343298786
25.041410977746942,32.96838990836815
26.040262399168405,33.36787594116972
25.919089929572255,33.6390170969616
25.435959919447434,33.02031296102006
25.923252040711443,33.1213143511483
26.288396822479967,33.713301413749655
26.331503610855254,32.508573413063715
25.6912127357128,33.38734373190375
25.68310968621765,33.31980828264139
25.290608038568468,33.183077220013594
25.88135222407013,33.12604993157176
25.306285775789874,33.349434523934626
25.47082987546408,33.12004046477585
25.316495290992798,33.05445611704158
25.996345386650333,33.32855490150044
25.595386880645314,33.34806751867176
25.715872092833745,33.184359480415196
25.214707677905945,33.50755747326154
25.6531024277228,33.417260965707094
25.499325849954303,33.25407798199864
26.01129929999585,33.69298059914355
25.771168714953635,33.5733054504718
26.125890793904496,34.2303116186885
24.941680507050325,32.559019501449015
25.73384822324943,33.32140752551596
25.475930709706482,32.99271170331105
25.544583810237512,32.5153109761767
25.4748597035988,33.13470656388754
24.804728727880935,32.67373257384579
25.539112866892488,33.127065197850364
25.718985902508564,33.36088657017777
25.892339983152805,32.63907052416101
25.78394472283202,33.582841951717285
25.94859150362678,33.45927346697967
25.948834523491374,33.61020007786046
25.46352966942741,32.92369534748953
26.03437701182133,33.75291715668456
25.905657053601622,34.07391683356626
25.631419642201678,33.46224792920273
25.836884383732265,33.44020773940929
26.003708867145612,33.5905448077769
25.37182263269228,33.33400326613582
25.503931381834125,33.14410892905962
25.3957780842851,33.22988333955897
25.651066332382808,32.880160222186724
26.059680959700316,33.733033153268586
25.787376932637148,32.92858551295609
25.591137713973676,33.0066151456398
24.80988447125063,32.939079376668296
25.619989365957633,33.38157756712635
25.33751340600491,32.884032348018486
26.27318884203124,33.82988501304586
25.55845634217048,33.45041861188244
25.670059955467895,33.26059767242821
25.82466592273404,33.75083414983031
25.792536575715665,33.199797063745365
25.576657288419554,33.178645076940015
25.95454543900523,33.303795626246846
25.558401809715107,32.636152125410646
25.517575915962276,33.1410755828076
25.385824454439497,33.41749542030661
25.22725361624626,33.14112841782414
25.765362824104656,33.49447256076976
25.557447845851588,33.41050259877988
25.505029243525446,33.29562390659553
25.690997311461874,33.320354048951394
25.382757101930036,32.79508475542908
25.685284183420777,33.38294657154544
25.540874137225295,33.31808582605869
25.509997760987417,33.33337291762311
25.76445322164338,33.36152777371647
25.544039990434047,33.292682194400506
25.603110437158044,33.11593709741628
25.84303139493646,33.76100702895234
25.743691275998177,33.73968923147179
25.662373967432742,33.56548206893459
26.18002287896896,33.18440915359882
26.047615514240007,33.86809828075408
25.861740394176486,32.55556500489216
25.76522166549879,33.64145468408551
25.669248005211124,33.4310251938145
25.58968954361217,33.64002281412981
25.465954640210015,33.18602098659544
25.53576129209189,33.391106705415446
25.759923965398876,33.3393712273892
25.66728043794961,33.41967717537859
25.840816124010214,33.423338258139175
25.671612045751065,33.3238527770073
25.304517268842485,32.78467112909734
25.76103346363298,33.378806634199165
25.980286372957956,33.13722647071114
26.20633160894485,33.21007162643638
25.23004424275772,33.23209396824752
25.336776424263775,33.50652869901955
25.947231507652052,33.58343716513211
25.225802625585594,32.932828900488715
25.45401324509612,33.086230725155325
25.803258591962315,33.665725781915214
25.820179886561192,33.130414387512275
25.22397774281757,33.29332888773081
25.395817537296338,33.11376337772928
25.55290181890655,33.095757604099425
26.172141873151404,33.290597592539534
25.534271242535006,33.03190224545756
25.643590075025692,33.466776851038965
26.135219982931382,33.95241346199491
25.765236389348818,33.020318555282074
25.860793517202953,33.37734860183957
26.02875403962167,33.616948153923786
25.086092122207685,33.00269158854793
25.26907025378567,32.88482958562159
25.524381235335984,33.61330591743136
25.693276287321957,32.86009709377136
26.08506149156786,33.514457583644344
25.28451002182416,32.76524771615954
25.450170815097977,33.47924024177886
25.506073216973284,33.601606147854525
25.13180897367714,33.02880311298215
25.721032747205157,33.72073107414876
26.25289737844494,33.820847825386025
25.515703687239462,33.45532851493609
25.698423948527935,33.30342400165366
25.50559486264461,33.26752878296768
25.610717608238247,32.71590079165465
25.950029276266466,33.525538324773656
25.701668702553334,33.21572887813912
25.29776799583017,33.15263088877738
25.883885882027855,33.31151400358139
25.620341467713597,33.68160366545986
26.03514460984208,33.40399497405037
25.939618815766885,33.253160023790805
25.70365573468254,33.29089832475171
25.337524162731643,33.44063693028144
25.37550839491576,33.253419824752456
25.896728810727847,33.999238233618975
26.062132367401208,33.22802677909252
25.845735062942936,33.08976092853477
25.51392897748076,32.94117763037195
25.101925714594508,33.165324577922135
25.534796095368247,33.49251662588776
26.587726231538458,33.47576322005939
25.651972843059742,33.28169440151613
25.534648621979766,33.263466714780506
25.255708473365083,32.43325929239508
24.921454835231717,33.04813210748958
25.8934799961329,33.666569302326536
25.677270275791123,33.560141915318155
25.937489258713686,33.34119692688878
25.273278665527428,32.487104536591715
25.79390978103499,33.81800174751481
25.198945361707796,33.36332587809725
25.639329554901988,33.4825345051601
25.943815619872233,34.10488679860393
25.955037309990505,33.11844560765356
26.176079625206807,33.81493232094901
25.49032768227378,33.39338245329442
25.283215123512218,32.90723912147793
25.777537785897675,33.01994090265902
25.579857563071513,33.55970995002721
25.402039651193306,33.037400645162485
25.682353324073702,33.21972426099464
25.524636002450567,33.24104275057181
25.609599713844712,32.952400696021726
25.37827235016727,33.12900261338172
26.257759081708883,33.332892379529
25.629472330357828,33.32216236961639
26.050019402357666,33.815980644461234
25.346419575288426,32.9957550566613
25.840262658325,32.93373522773615
25.677520311345233,33.3055351459639
25.015176488536746,33.08002198750719
25.78913105922981,32.94256959825829
25.72327901618779,33.13402133208638
25.923894233682887,32.88851166623602
25.652541841518378,32.99624098128754
25.534401274684612,32.78216944562016
25.855098950832225,33.68490515371353
26.062935630481554,33.70046400250112
26.406404570244902,34.50854884577393
25.538616441427173,33.01342769168103
25.500554933841443,33.19413669383471
25.72076853267503,33.34730220802378
25.995280091553806,33.96466110570579
25.880558301620876,33.507572065259666
25.989263651225635,33.32527122595746
25.515002537955663,33.49101782845465
25.26606366840643,32.899844922793775
25.74718239868049,33.64712668021894
25.237554681174633,32.96916706985647
25.33720033901464,33.677192407325826
25.238723542437917,33.37258857788521
26.043310332250176,33.37443861006545
25.75447720021076,33.143630997329595
25.552992787100127,33.333794358233874
25.341612830952318,33.405088381512556
25.643058939820722,33.15093673828914
25.676082618574085,33.33384196595953
25.926768065458564,33.34259017545631
25.95072450372286,33.252716094406246
25.223301372727306,33.16455918529984
25.568768401697046,33.01186772705912
25.33483649470485,33.25353608140179
25.89673794744039,33.45618759169075
26.163069038608548,33.30245417098194
25.46287815500316,33.44021222909903
26.04354584843222,33.35259098663231
25.6145272187394,32.761322216221664
25.494538569795402,33.16504314993173
25.46419816524377,32.9108847008859
26.21136052496653,33.362165583659944
25.378199839173206,33.176345010053915
25.753082956885923,33.3141878645087
25.18104841929342,33.15091548659275
25.51141369299551,33.74332319982465
26.075855771494954,33.44948657150372
25.11852863559638,33.23867668011404
25.38880936459724,32.64188544477218
25.79540711725689,33.813777769936394
26.07247615936138,33.367793790675144
25.281872978091386,33.211060905703945
25.380560362068092,33.08680598990735
25.601164581718336,33.35380977567787
25.766035930381147,33.11264070372101
25.675340986790637,32.703402371658214
25.346503049325033,32.9790748680863
25.97095000166116,33.859407217146796
25.779237425566542,33.6237149989116
25.812970713119604,33.06391591309022
25.653651833189198,32.92203391361885
25.39553095457839,33.01700626160624
25.632995280602376,33.225205796363184
25.537499694821683,32.95453917992761
25.546113546795375,33.06633796208397
25.973141651167115,32.89089306911528
25.7787007816208,33.13982800450189
25.898913869466924,33.06593622941429
25.65108114098365,33.61756535425085
25.67399898899053,32.73213176798213
25.72502904635884,33.509327495533306
25.87132697139574,33.366588114034414
25.704594341836092,33.24777993190048
25.683731615643993,33.072846046600795
25.657879280909103,33.51620023359734
26.07062806217251,33.323311822365035
25.546923562257568,33.091796482809265
25.682105025647324,33.383743016514
26.044947548992493,33.36337743071551
25.632581359331418,33.49208631968699
25.464344457552816,32.75052111106859
25.7850425225081,33.3650979239085
25.958604825723132,33.404859468695456
25.37598989692678,32.8713455098184
25.421134909766337,32.55314729228017
25.32646230976404,33.209119696011705
25.463852784833122,33.296564220351705
25.801126129532882,33.43479085077884
25.683052804421674,32.860533384624034
25.723686130465733,32.85530870058831
25.549235876860497,32.914251187405426
25.63498483854072,33.17696735348798
25.61811931471196,33.986414975930344
25.977479718638865,33.59739533615948
25.527270676880484,33.58883197915111
25.359975253735804,33.07265122154795
25.91474716314644,33.25096405706151
25.92620087606204,33.436348075547215
25.891312498883824,33.44356334014654
25.530754485037672,33.462605393757244
25.64262733141259,33.53217613915729
25.696931512321054,32.918149023321476
25.66534690853957,33.29933197814315
25.72533098463086,33.548045948057066
25.69177298207633,33.105504004372555
25.74033147141453,33.58201814524362
25.316277739454733,33.2491496151642
25.718705116011208,33.647172739360066
25.80685709312658,33.39536968044393
25.248401709567318,32.81940466612561
25.88456356549401,33.33662299213765
25.447920557634706,33.10584628681986
25.23714283564449,33.2237519168786
25.686723120866038,33.56285612569011
26.160310141552607,33.40010655483952
25.947829874944766,33.763837485129564
25.47440519333976,32.83233084911164
25.879243779911988,33.4784903103669
25.649346864452056,33.47491194123406
25.855352177703942,33.66337156636934
25.307930790140546,33.645203005585024
26.208239987121985,33.2607734536861
25.40020050014781,33.21276626931921
25.64006800175964,33.3073170582843
25.73258362113149,33.160169771980755
26.036160997539348,33.28805333658323
25.773441727125046,33.05381013362887
25.416746737246843,33.32584104475968
25.47235712341467,33.081485173518914
25.34386457742502,33.53979171461016
26.00416053028177,33.82485669383724
26.133547241468825,33.83845033682244
25.448242163462186,32.87819067692001
25.46742260989496,33.07134630067023
25.692830926937443,33.07326879380455
25.69591492101786,33.25512225110438
25.302891210367356,33.19215527598028
25.462512899243034,32.751530320423086
25.64200918792839,33.56972311429264
25.90624999480812,33.23966280359176
25.38456710003136,32.789779985952684
25.7992148249746,33.64915073713129
25.866764202165893,33.70600936806109
25.59418699560725,32.3458273434873
25.50171118079701,32.574718106059834
25.619788251487087,33.42546305179392
25.29382387495985,33.54584132675941
26.036155120013415,32.90528250887134
25.688176121506523,34.19611484420517
25.660372061957233,32.58442430326195
26.014026880225618,33.87501958002609
26.091231897118178,33.61954987676647
25.448670067777783,33.453655205187424
25.708758357085255,33.11924372544115
26.25420050919467,33.731598164531505
25.53033825262719,33.334129940672476
25.531552080813793,33.43621790289647
25.67127929366944,33.47206431291901
25.639208995272533,32.95336446867021
25.603907513068012,33.29327975165541
25.596916678022126,33.488429660486325
25.77435085908782,33.217680850017786
25.45300755176313,33.33025524685905
25.556933868614852,33.53174434292161
25.69970690873894,33.3425154145276
26.06985168674144,34.0069084505381
25.77030692810622,33.32714169306929
25.932352511242488,33.650347451437426
25.530675757971032,32.6538252469678
25.618148404970146,32.68459168441897
25.677766599300025,33.46004692932227
25.671947124949526,33.57771146813663
25.71000502979538,33.234177623554835
25.42872798649687,33.10409059071463
25.389367501226292,33.37952175056294
25.431450443020246,33.47693857611257
25.833772695059988,33.4919243790673
25.61973850624421,33.56252030863297
25.62855165699817,33.10964193300264
25.631576926347076,33.57708987476775
25.861699019522593,33.298689816510596
25.571000992165136,33.0655543497377
25.265738886204126,33.30799731263154
25.343629161188097,32.880256567325965
25.833834535628604,33.3491549270163
25.780823448631516,32.83250924897823
25.683569713314956,33.13581811627851
25.777195340170284,32.965320217617126
25.29846928773009,33.30790999866758
26.059696094879275,32.94908693861995
25.345404690419997,33.251065447757874
26.12877443014146,33.77827763461544
26.16382742558893,33.124241825805264
25.365282253224763,33.07675181918759
25.944489643582106,33.287537483112175
25.704917049543212,33.48587018990529
25.81883176656296,33.12999942412821
25.794604234523202,33.720036791055264
25.55523251050831,33.23274187603693
25.318110708068076,33.05201992095626
25.594842514920625,33.80425242425751
25.92127178006731,33.23085334011011
25.383202810078927,32.41382041160763
25.636977141119623,33.36057031687245
25.516571229179736,32.676309386812946
25.498091714540124,33.722806375578884
25.25058787255337,33.003965826409434
25.675524902199523,33.532512236365186
25.65828424000934,33.469613165008475
25.490707627191266,33.59319832931199
25.68200745328665,33.01811968433053
25.586743211216064,33.76099252883278
25.67629895800124,33.688284091292594
25.863373615676778,33.818033999470416
25.54689528649394,32.866995473223525
25.891094476378296,33.422180744095805
25.4727475664298,33.24670464322717
25.888699765702988,33.39725537454762
25.76067451952909,33.20736122255931
25.527257561906545,33.09200430185598
25.701894017996896,33.9407458077235
25.629409134174775,33.742247175441925
26.131307462978185,33.16780778994228
25.5601708338697,32.72163738344428
25.493226320333044,33.14359469930153
25.65905607539666,33.37639137776497
25.433129597380304,33.339871708355304
26.11593704560277,33.5437827683558
25.43034538538214,33.42994197171904
25.51466187689484,33.254155091010894
25.46233875980062,33.12854249542252
25.69509630924565,33.02589107537008
25.99267505759932,33.3530134251656
24.876948545989176,32.89570981876616
25.60696520613236,33.17112359747884
25.193933748246433,32.69622133083073
24.873201547231524,32.80056988276028
25.959723051593457,33.29557590457658
25.66771066488273,33.36090786362359
25.983968010830214,33.36865657427711
25.577660510132134,33.42819379947719
26.042094150351396,33.81661052099802
25.27524843550682,32.55274232301795
26.179146846234964,33.48464432610087
25.812277451126562,33.234573054917014
25.551905120881592,33.4389568073836
25.95089095296177,33.40814737018881
25.56407905128974,33.16188783859437
25.865565655011974,33.66452089012124
25.812137831752068,33.292733682276804
25.592016979804573,33.56444771944262
25.987730562024037,33.26257238234177
25.43846214518906,33.18978781357285
25.774480666175467,33.27471704323609
25.62006279284519,33.03843333310238
25.252314577947168,32.989082916678136
25.399192495557575,33.41647927194753
25.86582054092262,33.13031505463504
25.811574261242583,33.473371863745456
25.7260265766593,33.66236310066339
25.812605129555624,33.32271973998287
25.55950871309733,33.76589762777162
25.012410134982147,32.872593967255426
25.631386949132132,33.56273603768255
25.510260172802695,33.664412826154305
25.457507621845885,33.58749034648679
25.95772740463722,33.587758441068225
25.89249945121426,33.606050656565294
25.49707811771009,33.109900155098295
25.722793634821908,33.12324368545
25.446089939798334,33.29327323064681
25.088038169803202,32.87329122396382
25.94371468852478,33.39165581247707
25.63612620373439,33.11599157619108
25.94905517262786,33.17079119673982
25.50614016340155,33.39801764764865
25.84769379241125,32.45995093526176
25.313145067899203,33.58688417957476
25.39151184632132,33.21993819444725
25.465881632899457,32.71541806958129
25.480210927200503,33.222243740889006
25.708815572178402,33.58014723527727
25.478576832494664,32.871361991238956
25.704893963177625,33.764197519319175
25.87805907519459,33.02132429066333
26.101674802298927,33.53230325633312
25.748620108917784,32.69614236299812
25.279741134657502,33.69545514761232
25.917450138170672,33.94177133977203
25.34122419140637,32.67551050883151
25.692015208279038,33.531130629978996
25.40391595509094,32.82317447186176
25.338494776525962,32.986055358805956
25.613328367249302,32.91753400315137
25.781766280898196,33.224036547281166
25.52089668894579,33.11022553396833
25.50181738758043,33.07979968025602
24.901175004721736,33.030263784102324
25.528352920520398,33.07795404293494
25.71975394220616,33.10222294207541
25.42635715252326,33.168765724349626
25.48128446833543,32.701912268163404
25.515162438246826,33.09741502030389
25.72183469983201,33.6335098561749
25.353337097122257,33.05449333937862
25.511760236689188,33.72702122315964
25.228162544810672,33.22686318544178
25.994765959280503,33.57433073799786
26.28671695833959,33.98822834256433
25.646058913879358,33.245029045745476
25.764855348458973,32.860323447341585
25.7123237070098,32.85857132066878
25.59382513877545,33.23154805179628
25.897626313286683,33.78565217985515
26.14620890791036,33.42989425728797
25.213723235792347,33.237657504216244
25.274254247883846,33.23696898191728
25.251263709389356,33.16068536417225
25.842019278385557,33.13820691451881
25.12550716088595,33.077797436928385
26.277388251426085,33.216442369638315
25.644585297725833,33.288033945948825
25.507658367177914,33.448892141303354
25.88394784642231,32.79152569352322
25.36807527315106,33.335085067498184
25.671323910120922,33.6560909037608
25.869059799498476,33.42309038114572
25.645623366376157,33.21296081870221
25.361520726938597,33.30379940086165
25.842370751777896,32.98645852715957
25.33037251179111,32.822942988841056
26.02101964615913,34.25893868091033
25.70204891383522,33.511346415930426
24.82667046885133,32.937430936301595
25.599230606240784,33.438281993598935
25.524846595157477,33.276124701992345
25.57718321403011,33.45208988756403
25.59749446284981,34.011874509677384
25.62063221730864,32.941197629856845
25.485753455106902,33.59737901435764
25.626928152996168,33.38698813897178
25.591445112330845,33.32506811048975
25.84065440984937,33.122827735536355
25.655860829360122,33.721639266703214
25.67841543675634,33.709853519570174
26.05459200502886,34.19567075083197
25.190208774759288,33.39833335884373
25.647721454280976,33.561932001086475
25.624153965702874,33.235758812707374
25.688564521273697,33.160047595641494
26.009100150991664,33.13160976613994
25.228266585471857,32.73923669966069
25.97940502452964,33.991706358974525
25.71149074662,33.43424285282105
26.08401367038105,33.83545651760888
25.93724358939186,33.264012079721304
25.42581096521373,33.00563495151901
25.162749202528538,33.056785980466486
25.51367165565124,32.83830676446672
25.528177864148986,33.53022761645965
25.373100986591716,33.93141119041589
25.49542965975468,32.8202925163931
25.432035748205166,32.58187849751144
25.191967898667553,32.85148018917786
24.92223866748759,32.69463564351857
25.877496586928206,33.32430073280147
25.6800627316818,33.561156492408315
25.42686176633758,33.331711786857106
25.723860656730903,33.63418420798531
25.52740323415759,33.24434163824722
25.767590558611424,33.76980484353572
25.736095058499096,33.31838548616782
25.50915146607079,33.33390986128058
25.640424463811208,33.36495636625745
25.791000476714668,33.45358481696471
25.205388695489475,33.02865457794002
25.586346572432983,32.76434527753717
25.939975150712932,33.18349528360151
25.451759433274145,32.40733189499151
25.454098232096907,33.37302698602267
25.983650421242658,33.21939968614543
25.72435091306317,33.03567165943315
25.202677181324358,32.658167195949254
25.48143097332075,33.263764022926914
25.72490548831444,33.25680770301188
25.405960924521043,33.296087775776755
25.92022332175024,33.191417697783415
25.710750602644975,33.552781942701934
25.302247764743544,32.7299854225583
26.04629053867948,33.6532025042308
25.62965956442833,33.30128013220848
25.802900615450966,33.51720930321137
25.759775230862882,32.88432800015646
25.765727890109048,33.74053822894605
25.42882606026144,33.60959024869523
25.85111050744882,33.55293529938404
25.489115589972258,33.263105270429
25.451059226483913,33.01761974254361
25.89458477564157,33.15730507047762
25.73066032082345,33.22445654043388
25.652822643194867,33.839161141049225
25.71430634405575,33.287407661400266
25.51887599599252,33.22734955888346
25.389451640554682,33.37441600328578
25.515644621736318,33.57122205410496
24.91674793370766,33.08396137681873
25.518638092609024,33.16745282022479
25.8628983828529,33.17338578980476
25.60986521297484,33.55681222700103
25.6038610680667,32.60373264841818
25.54135675327368,33.20653181543774
25.592384214851577,33.543661209893926
25.861223733515256,33.71287223408585
25.179470728430196,33.2698008142374
25.78554446649133,33.58266764013906
25.979704146393665,34.228923471261034
25.86675244303978,33.370435450795505
25.953741034653955,33.41811821036231
26.134405222759934,33.05808899630837
25.625591666507813,33.429209231497424
26.08687680441539,33.386551586554376
25.930448680891015,33.75777552610488
25.699671643154964,33.24077464062956
25.86488666330057,33.50770542436038
25.99438201297902,33.771206988368625
25.282198634192955,33.14182072223152
25.98001529773611,33.5395228473828
25.732126909957163,33.05285296080699
25.83171062400058,33.899302588783485
25.849069883529054,33.077882419681075
25.5330506241676,32.90216648640714
25.36312129290289,33.15123760736856
25.602003510978196,33.94968564238151
25.944806713243842,33.568097466510324
25.600021074566765,33.36314159158872
25.422886685201263,33.19964943388314
25.791903356914798,33.51374878916546
25.835951393683338,33.39671771226465
25.3977450483102,33.407430639797106
25.393824724105578,32.63621144858124
25.21404085664224,32.83364031473385
25.75337061183737,33.66385764479661
25.506946387479836,33.0475646696116
25.92328473346553,33.11259813278597
25.810915285355584,33.487283095044994
25.4094517254009,33.12331195448566
25.64763587511981,33.5079609763918
25.611547002422707,32.64676887755966
25.959473521233683,33.041096243486166
25.657159000066223,32.985955449124674
25.97987870349413,32.971956477258985
24.993294493583363,33.11263452498852
25.754142063458453,33.51969069174219
25.168143505297625,33.53008869325573
26.07079486253711,33.971292094958415
25.67164591529042,32.886804066747224
25.47412883975803,32.752932293520935
25.465680687030478,33.32041344853855
25.54238962310568,32.63723764607656
25.43932923465271,33.78919451355108
25.214915606884922,33.589297912132885
25.60012088979516,33.060564314068266
25.689122112871228,33.49381039891178
25.919946005785654,33.4894881003156
25.828499024125094,33.21969486803066
25.783299654164043,33.84648729733388
25.060594106825842,33.15684755913786
26.01716034510419,32.99665436648549
25.982088706871096,33.54767591910625
25.505735787855077,33.10902817143914
25.799193093521133,33.69588435400142
25.52383376793834,33.05888461376393
25.518446716082913,33.143887387826666
25.525762199304047,33.554328362036834
25.848944321485817,33.89756520933486
25.391686135488925,33.18090967375605
25.65531437038982,33.68177443131517
26.379694530675796,33.5317026845382
25.161545083686992,33.18300475558089
25.879844382098995,33.8451596097584
25.87150782429576,33.492190114400984
25.519652677939177,33.12981889522399
25.55424126493964,32.499380331764186
25.81312203464307,33.6967794531248
25.45375147395367,32.651672345152484
25.05578995091956,32.69914357136943
25.823046428326123,33.93689453637725
25.75487135701387,33.70068552531683
25.3654221558806,33.50102464830429
25.955236059558622,33.39551898756581
25.8850116323283,33.58626480957587
25.205529898986423,33.18132971936505
25.27985906724238,33.195724910202884
25.499652831671565,33.048229177216484
25.467986458796005,33.09693176752342
25.79158968602145,32.907653089849354
25.811675154272063,33.70985836628593
25.94595766842472,33.87346269525561
25.643298344116765,33.71279773473549
25.737230898381004,33.595028053646814
25.869473779063984,33.13187470764746
25.298601418933767,32.76916908506547
25.534200079348544,33.236670957084876
25.848197889710868,33.327790929932576
25.323273518672877,33.458341494157814
25.639388259211913,32.646260166491516
25.399259166422432,33.0043676066632
25.285135137044996,32.983782213035596
25.677830284211208,32.952756548603375
25.884038943971852,33.31649138639176
25.888419987606838,33.28240497694556
25.54920517158667,33.25107096813847
25.476926731594492,33.04831817222672
25.354800417942705,33.312696721691935
25.205348479873948,32.71642926985876
25.766612193665807,33.788362222713886
25.979875986216115,33.006520105407304
25.4527703855826,33.17044270219468
25.164040397412336,32.61981624828502
25.77585869143069,33.707075046343256
25.58893128025095,33.28482154853685
25.786284405940652,33.343718645341404
25.42995277558253,33.20509088142737
25.668190038728714,33.21009198658559
25.20295551155107,33.04400714398513
25.818519015378747,32.24843205810447
25.44071031596573,33.57158253028068
25.915675523114686,32.676884231389096
25.60284178016007,33.955356028124015
25.342902508436016,33.623393060158236
26.07999563658543,33.93075425441511
25.838914581632192,33.48535115930786
25.71784823392011,33.293818401929734
25.628328973765875,32.70687113509827
24.97462590036236,32.566592380848704
25.757642255214616,33.49405811584925
25.426982266411287,33.28088341882293
25.38884568730675,32.98822768018204
25.907352416363924,33.43156545418368
25.311436833848237,33.23724589525809
25.662752417248054,33.669396095332274
25.54402923734881,32.9122419169549
25.089238401546556,32.53205490114826
26.088991726325602,33.17313763224719
25.846386929511283,33.496853617700616
25.871511054304282,32.92237788094471
25.624282677588162,33.18560315819369
25.291052465755023,33.08937482194632
25.4353330070975,33.75841121360352
25.428315396798226,33.604848545405694
25.357838790642557,32.87958381707318
25.501913375438797,33.342917011565554
25.780676790747318,33.85125379849869
26.28101680117667,33.621059961852744
26.102818722144526,33.1368345962371
25.058322129539338,32.866061341790754
25.43510980365653,33.186782507872174
25.654129744102733,33.48255219335434
25.618735562519138,33.24887360192532
25.983377499331706,33.66286108396038
25.65053266966793,33.08876776014541
26.160076863320917,33.349612558774304
25.385463884369813,32.82848781497844
25.183012446813787,33.16684112541173
25.996368716063138,33.9065045919062
25.642855406173588,33.50199685019933
25.883846749010647,33.56729477221371
26.050565081159895,32.83156051144017
25.7603854238917,33.23056638899067
25.97238915565059,32.068571356483446
25.412274872217154,33.24616745076754
25.392940800120574,33.17866508287723
25.886612566514223,33.314077529436375
25.38809273985344,33.362743555266604
24.66639635499016,32.478507898012545
25.704713520750115,32.9652974191535
26.06265826072414,33.808208784263584
25.75108465691231,33.69652059404815
25.84279191869162,32.92582481882062
25.385472686106528,32.978924059139594
25.431871062673956,33.30567507744501
25.873862773079985,33.38221698567974
25.52316512161633,33.273419380469335
25.87009702419529,33.12427917759163
25.46533904686463,33.45120283071924
26.061018129791755,33.52885288473612
24.972197696485154,33.00975745541565
25.03916582786963,32.86433553446064
25.5673252016313,33.22563301971955
25.690666417652377,33.148241133515896
25.848016055477107,33.23920548139266
25.47138296956863,33.57519558483742
25.905198245337836,33.530643147612125
25.777906123952025,33.404133161526026
25.924926613001187,33.88120050711487
26.061523291260233,33.12554624863862
25.977177871296355,33.54556803416007
25.618132712794022,33.65853699121555
26.11841660624617,33.69016450649627
25.934881105477114,33.62272096603818
25.716466334671136,33.53705071527286
25.585676905833363,32.99816936793276
25.426528627926842,32.63996291397143
25.595675780302233,33.330545545717534
24.99651295779295,33.03914506973864
25.915751866470423,33.55126495693695
25.34361480212602,33.50161581068494
25.632523103630867,33.160538209738974
25.94546856507464,33.78281148278452
26.062589065562808,33.48628436750916
25.785056133493818,33.28932645516395
25.49258292185625,33.82891600627287
25.62068070027269,33.26809455122157
25.638672659152387,32.80357110946412
25.97561404197243,34.15662428810066
25.574454882956143,33.269681552308974
25.938941136043788,33.05626294676917
25.829178139727475,33.87348316244148
26.094210215435435,33.457397115411794
25.147463060491077,33.099375426793216
25.29870482132909,33.53649957348911
25.791352469524185,33.47388608848852
25.77293577000119,33.68842190115446
25.96917562448659,33.19956221458
26.10781013121196,32.9649149162798
25.588745201294717,33.525322246677824
24.923270672785694,32.85099143606137
25.387353142027315,33.03339776404646
25.372838281650562,32.433805417405644
25.695445471523854,33.25311711434254
25.797143814679632,33.54331350036011
25.952369271157366,33.318259488462715
25.404555638237774,33.89219912924953
26.18758325205718,33.4632647575364
25.898801338302178,33.569468491838414
25.619743641557722,33.2879925903172
25.741061566482593,33.07953401571115
25.567685968893233,33.037228436709874
25.305287053930357,32.77171984576753
25.66895253960331,33.348858701594324
25.311285115555513,33.10908204611668
25.73119261105244,33.402457133852565
26.12673907424783,33.23350104944145
25.681019675842265,33.5593171247914
25.41164842541795,33.10199319305783
25.802076903909075,33.42546907670439
26.026162640178836,33.36594770577267
25.782662669828447,33.64245602990265
25.354819381542935,33.26591338387899
25.52243086972892,32.988362930207664
25.323362523036764,33.70528509160386
26.49310252104322,33.860241026955535
25.779036840347533,33.111105826872276
25.319552465154132,33.57740679191639
26.27127818157419,33.91831123196818
25.793689833702892,33.328510751324394
25.835621827083664,33.24112978354403
26.154008373891365,33.211915548545704
26.16752878136069,33.22319022663662
25.60866095650941,33.66723544104789
25.70689635552482,33.51198422382446
25.404896703064573,33.34502096138246
25.16188248126389,33.25050554037445
25.78152989499875,32.78765174687103
25.98096037886662,33.29584420049601
25.486470895162338,33.74935591357163
25.839093396610266,33.770577018927725
25.989987245246645,33.34381555013052
26.043171509056798,32.7576428986383
25.535282150618915,32.909142663998445
25.99481385832371,33.3899793722443
24.89092838652654,32.81056113239667
25.3426048241365,33.25025196149689
26.07932975401043,33.79971520668908
25.23797388924159,33.317164510217246
25.28471070154544,33.4027504359879
25.837828964235452,33.19718317553919
25.42531600520889,33.026337701347494
25.707326467703442,33.43787384990151
25.78794592460167,33.53188658341063
26.005288518004633,33.13329151169574
25.78375835871866,33.26285870257976
25.69723757067175,33.19318159354832
25.43000474872257,33.63555143431414
25.319203790943476,33.342184846610415
25.819209785061197,33.56077587107666
25.562879951288263,33.59569377567007
25.612886414247352,32.945804785741544
25.324431350257964,32.86538600473535
25.71279656396935,33.57670144658697
25.150173892320446,32.953856360792095
25.550956979172344,33.56577793446165
25.6608185271635,33.61618383742372
25.723526082640202,33.69400223493366
25.33909832760395,33.20148660786361
25.738603155641602,33.526676768487974
25.48713373443423,33.477613905619656
25.497649704302386,33.59651124959974
25.680064476480524,33.370309902404784
25.245790342748208,33.17771372141886
26.07763073488112,34.181256987442836
25.505007756809277,33.507007309333204
25.425920807781434,32.68037393400728
26.211420772429292,33.35249161975572
25.724641384740604,33.63061980807509
25.9541645394308,33.356131459419544
25.576543290725624,33.092338983672
25.668819232890975,33.29305943912696
25.750432416629753,33.30628895555313
25.60121475891779,33.6606123175007
25.796395333013585,33.318345433672874
25.297130867664436,33.5927112509945
25.756570639966334,34.03295713316377
25.78227147243743,32.805242303432486
25.842152174677373,32.76406544997652
25.794921330200417,33.33080188043085
25.842913503951472,33.34253868063897
25.520379197575668,32.97724966058182
25.761067575745518,33.07947001649909
25.475261250862168,33.300616005175556
26.286780286330163,33.51364027881612
25.33454109082879,32.86104895133106
25.585418278852273,33.13160731026388
25.01648091111541,33.30187912162445
26.257584402367087,33.54211663956219
25.568689288816913,33.04412427894188
25.353041341657104,33.114237517312155
25.573457741803974,32.791569229974286
25.665429275077248,33.91354145984306
25.993569893471278,33.51868116880482
25.276067042557667,32.58406474609798
25.253125837826662,33.45042454306622
25.212023396383497,33.09055231023085
26.07239948474633,33.26841482416661
25.826738882270224,33.58127871542687
25.355609385019235,33.152114661370874
25.46314983028128,33.26204255468475
25.251184346436382,33.03850935565122
25.90988225044116,33.1819746795777
25.95280443867257,34.05566904153871
25.46021177887647,33.467178278711046
25.580231780370816,33.79699161649936
25.97786088861383,33.62798419381218
25.757002719353228,32.82016290081706
24.863449474781042,32.764805567545864
25.761930624343588,33.88040143178283
25.59509236583859,32.82978348105114
25.325096366397354,33.20583761161119
25.840319060306154,33.34654060858255
25.876448460047996,33.33514805573032
25.90366685544777,33.869582761905626
24.775170343596187,33.14376779845867
25.142855905781254,33.51645401574269
25.477916428176044,33.22229512916593
25.569830540047747,33.04384075753453
25.593758025495475,33.18732198790333
25.169994539924815,32.86879299983227
25.653188003528467,33.37970783468032
25.61785990627106,33.31368249725941
25.95769702679813,32.915822073262625
25.518901490841714,32.41621096838303
26.24177487927717,34.05167315913268
26.53706249836593,33.60340757517673
25.678066474620078,33.43608300485838
25.32839856622289,33.3188162205143
25.350001652035694,32.996921144651765
25.438489392566773,32.84409077398833
25.97436273758052,33.32309529052801
25.895055330383702,33.41225185793829
25.41378312312663,32.848160784962644
25.859623874688584,33.417469484028175
25.783034156776438,32.454700872866596
25.50629327563022,33.207812673525076
25.989139522486834,33.684146631206474
25.2376691499663,33.2966270389516
25.292138403159893,33.304868987189366
25.789178777680856,33.54749409006887
25.09924213280541,32.96356404532416
26.027059391018778,33.67459652676757
25.609528127367593,33.305207169556866
26.336387211414312,33.06328356171169
25.5002840385619,33.503665672905264
25.871860685024817,33.121063496726606
25.604214515935652,33.43546800288766
25.759582439149856,33.619751099905784
25.281780157500556,33.11554709994532
25.74555882826719,33.63346922216285
25.743792382376434,32.926912391486646
25.513693449781226,33.16908791467274
25.768355990998792,33.34667683897956
25.513693332235132,33.0402273610003
25.66032030717486,33.200423937120995
25.443497116344627,33.067781163290256
25.060810934388464,32.72799473131889
25.482951783682694,33.05482081771937
25.713546166942663,33.399699069904315
25.680891902608728,33.832275862281435
25.901430205076647,33.31592478139226
25.813985535423434,32.73694773003927
25.47324148141464,33.54596266761479
25.864235464673236,33.91260097510406
25.393338578751685,32.97936620911269
25.318627055754753,33.2470362490713
26.097588002171364,33.83361990847547
25.77135705948572,33.586470092225284
25.670917763037036,33.24251385694999
25.337190330386235,33.08122495146194
25.732191577474637,32.74061735086986
25.55596042243556,33.464720416767506
25.807870574727485,33.5497972018207
25.338203208955967,33.31094819398699
24.91897812426217,33.19669164354719
25.205370080113294,33.1037982183702
25.30217247606191,33.33938981756976
24.799230598632064,32.98850985596691
25.927053522335964,33.17558354996973
26.068941755001735,33.31193817514616
25.599435322915802,33.150636557000475
25.22562783520214,33.25543977753364
25.44009890614071,33.39149518452077
26.02476133851954,33.8535608398758
25.299714941197355,32.91308067444531
25.597424227649576,32.77953002120073
25.80507149986371,33.394985129533794
25.46390221271577,33.70716249220234
25.56393410713936,33.64990696356976
25.748247328212656,33.24564805038998
25.47900820716259,33.00325070044845
25.48458493543212,33.107454733163316
25.826932784505246,33.349694803467656
25.76388318907745,33.01412643020221
25.25203102874555,33.55132761204389
25.917699237921248,33.768308906582284
25.90417031424153,33.3654530324872
25.800208792611922,33.466838577849636
26.10926862569596,33.651673435927336
25.647877676681823,33.180096077488805
25.278938206259596,32.99824066184713
25.508628274802128,33.33435082375077
25.67179341454348,33.693801266563064
26.12854558799775,32.693903666425584
25.79903451665396,33.521858194306674
25.704344860464182,33.012093394567735
24.729382544355865,32.9009296977223
25.4784391369007,33.390844541376424
26.060580744073796,32.823720298771214
25.31706952503965,32.61976384861623
25.77998600173891,33.1917199381704
25.298355057534586,33.14850484166374
25.840930418302314,33.02119662501515
25.87670536811113,33.72389315888891
25.880034691788552,33.70623992144191
24.89547085828083,32.810974864002105
25.91825074984143,33.366216643031244
25.94846476110782,33.59929888813264
26.15162351679758,32.60172911556974
25.43127919465354,33.519197030245294
25.518146689594396,32.988353954527774
25.618856681999038,33.16192282848634
25.264117777806653,33.03252809634177
25.7684602014546,33.21662681191595
25.021723258954097,33.347768850134216
25.457957482235315,33.085946209716745
25.50029902260058,32.8548053686757
25.526462840416684,32.93178454917831
25.33850281201681,33.05050199601033
25.377834498741645,33.293314544681856
24.9679277354262,32.90189333544918
25.389302729148813,33.29002743403563
25.82851296419366,33.56458980609974
25.74506891878209,33.13696813402123
26.025199983339462,33.58578706900298
25.757023861680644,33.49830018571961
25.507691406050533,32.730577455637786
25.52425606826529,33.68350710541524
25.594359200453443,32.98452918707561
25.186166581647285,33.1646856562991
25.191609422521122,33.018828444812584
25.550461133494554,32.93741110626952
25.57018453327077,33.45150530834095
25.435962231094557,33.683834158652715
25.55832856882075,33.606382946813326
25.612865729931563,33.60915439957488
25.85011525938345,33.13239835572894
25.833505950436006,33.60293146293797
25.428548394766263,33.1208810771048
25.881506791731596,33.53520123840961
25.362694713084643,33.165822792749
25.23162961960935,32.50908927442381
25.582713091227586,33.38521187954378
25.829386805777133,33.66213314659596
25.540511209455342,33.20518716885373
26.101922116019917,33.266455677625714
25.908933363745756,33.628015299620664
25.71385563464972,33.14388235126771
25.7736272721078,33.43642946968002
25.524980093414122,33.18391242701146
25.619157222906416,33.29702558789724
25.120264508486816,33.2426922015744
25.1188780286421,33.143381439439366
25.817472949430258,33.13503469062577
25.50444544654627,33.35346338750605
25.491735912971357,33.49011551810558
25.735469623519688,33.35742444226304
25.755939511358665,33.78269407075468
25.23721919990191,33.27649593034591
26.03233337002915,33.849705325333446
25.483989330624333,33.416070257820095
25.56756092207412,33.478749727778286
25.382620343043104,33.79998077590235
26.116299381989077,33.54007712016259
25.407290687433843,33.26029958067655
25.77770693456376,33.17118869422659
25.824206531599614,33.43522969406091
25.483303930436385,33.53575773150729
25.631946772178495,33.144520287725044
25.380213489044927,33.07477020723459
25.633323276042304,33.41863042205131
25.944393856094404,33.749980378791314
25.419304460113285,33.20643022060206
25.816190121387933,32.86720698100249
25.705123252062275,33.99720345850994
25.33195108459754,33.26018771709521
25.73564234006473,33.44102258910097
25.81303571708466,33.34785895611744
25.273299708956642,33.406045875408495
25.507693318344558,33.40479886937869
25.0113893992196,32.576953692127965
25.03549096784098,33.282033326949204
25.53177535325981,32.97907762069633
25.638554847507656,32.95310595155162
25.645001467722338,33.59748586308005
25.696377470762755,32.82583796148907
25.711334443061574,33.69833769619564
25.89471854102025,33.00427045376193
25.83042953819729,33.26856195796671
26.073477116264304,33.15823705290267
25.825525761329573,33.3333047974016
25.503029407982886,33.21347073720744
25.697312604565916,33.85094137061326
25.953359193684342,33.257699508689484
25.428745235960612,33.24752150442432
25.80997994210113,33.3151695012889
25.417222904622246,33.04055685670823
25.4507941499853,33.41617543461753
25.824715419361905,33.65203272623071
25.707993649110275,32.96824269611567
25.560925176988295,32.97636796347604
25.326122874881317,33.45032524983888
25.543366278302173,33.43765607150349
25.21999352540712,32.70337893295688
25.460700532139594,33.42030963218652
25.461593504774648,33.47940292533447
25.81534276969823,33.54260864484728
25.30116928775757,32.88823695339944
26.204641136382136,33.589664052579494
26.271069113359292,34.180548321503224
25.035652752286495,32.664941754423296
25.837181845434785,33.4997540002078
25.6269261142499,33.15431715971411
25.606399849456537,33.843399314687474
25.281627829466593,33.32303606413241
26.00930898914477,33.61498581366806
25.863673903564454,33.29233024467767
25.696247447605572,33.28735328332883
25.812398535726906,33.5308005673454
25.4350076924415,33.50871332560139
26.02144333059185,33.76790956573647
25.50676819743579,33.37007690175865
25.821270766001778,33.08666807804753
25.507625095464867,33.680921599090226
25.21328928709826,33.19800986885822
25.75878488617751,33.581177401792125
26.11968382666361,33.70896540451514
26.092753120267233,33.63062466056893
25.646437166122166,33.155804370230214
25.48913861705812,33.06765543178484
25.74907482606812,33.434793779487414
25.83120741538158,32.876983229733334
25.57238131868306,33.4482539308045
25.27393466500227,32.923382876571566
26.04663394388237,33.10506869241537
25.49451156078456,33.677117029183464
25.70749078982056,32.50873871137026
25.840801896415133,33.19057177204301
25.61310351696551,33.221141428419934
26.031537025569296,32.81481022459356
25.821920223310453,33.365372400622874
25.452966693476313,33.317168355839506
25.70371786725872,32.87926806393418
26.034437966342352,32.48477501907865
25.574727345578538,32.73942890569138
25.348453918688506,33.10855515323272
25.456469493120093,32.97408822804964
26.050328483154463,32.93268790531755
25.5531980108878,33.3190577403014
25.90389635802837,33.474832653466194
25.22407615609672,32.93447325973969
25.022078835322958,32.88486618573488
25.397566630096712,33.35323640368556
25.498696457271222,33.594424154179286
25.75054047236896,32.92900559889917
25.40681825900662,33.20380767732536
26.04848756286826,33.61751966696094
25.779500038123963,33.57162569206154
25.59701395049441,32.99129234341772
25.697685250768153,33.00816043461775
25.70267401703379,33.24449860816004
25.781427988745143,33.37641809183527
25.70541886602821,33.750347741660036
24.986138745551713,32.97424619262029
25.9480044070401,33.429837846090706
25.837492389506085,33.44722514776295
26.078166780982876,33.77396468920868
25.153517026506226,33.06729049787821
25.789837518369485,33.08022573465144
25.735663305173986,33.25479929303716
25.60329250686506,33.10204510908602
26.147040538425642,33.91028688958246
25.957548644438493,33.499719358595804
24.817050633784795,33.26618757640492
26.03247073466245,32.74084818545578
25.382741572106205,33.423295047704826
25.98668577323446,33.650624538258604
25.725214796652015,33.15062262617727
25.875488724233033,33.725378311809216
25.74706926142946,33.36528013466758
25.91162409003182,33.39485873982927
26.096979179127562,33.41573797001561
25.48762089739771,33.422670174160025
25.783540242023086,33.04116809437859
25.679619287184284,32.31975512944167
25.54828665829448,33.655138135047025
25.733924686329058,32.91340663401455
25.768687393852872,33.08608538062853
25.532137216378338,33.26341492759736
25.89083420389742,33.53284619731405
25.581066841999696,32.504285770006184
25.366244665143352,33.51005292547346
25.735241150322423,33.14285137600422
25.723904564786885,33.59245013196422
25.47570748325393,33.28480603458746
25.874167690860872,33.36444767487269
25.76974677085392,33.8540408777316
25.587677520513925,33.321657441782875
25.827613655077048,33.11637947141237
25.46527864006752,33.386781241373036
25.370167433160713,33.1468571938324
25.678771884043936,33.43909590066692
25.41222551567321,32.82173725168157
25.460138359685597,32.91889790935637
25.446081445209913,33.3810187473955
25.681347358826493,32.73753215346556
25.659272511322804,33.215631023507235
25.798191175352038,32.9176054845785
25.161083144316006,33.030122486874376
25.177798738716703,33.18099238139327
25.932380374780564,33.79540393315649
25.61787763817973,32.80861161937073
25.752703723566604,32.95404308364733
25.72567541884039,33.22746232599185
25.93252443248166,32.34168796051987
25.383476502424326,32.681523985093065
25.615668958596086,33.00706952448232
25.307595531605074,33.331902584766084
26.072476469468633,33.62416983422147
25.265688156592002,33.32288795939184
26.019702044645918,33.358721649764085
26.20413310062313,32.88190323821908
25.61884005939401,32.94059834236037
25.97055073106868,33.72181815310145
25.457938324527284,33.144183697405374
25.877484843977513,32.70835597602003
25.205115776389615,33.01469912687408
25.48881527175437,32.93774771157464
25.524239010411325,33.39579117096413
25.458324403584832,32.94042974944547
25.922884069797885,33.915454453430314
25.82658122863616,33.52509251860737
25.730597813664314,32.95448342602755
25.39766554818209,33.094442261946405
25.99950829340257,33.52184082411497
25.44134127318328,33.3699722529271
25.501505964642565,32.74112085773863
25.448908617870828,33.38607476547086
25.62034112273268,33.26597861608773
25.922478804410098,33.206961395517304
25.654457623173514,32.89385171416127
26.01905245849595,33.55949667215621
25.31484228751158,33.33536104588234
25.524119228711687,32.86323894376762
25.82508664077524,33.201611487294606
26.125181594609785,33.64617629412411
25.846816077138694,33.496196034346035
25.6467111882547,33.27828055373277
25.875122537417013,31.905834202959383
25.95383012056868,33.18724565313033
25.484674731205413,32.89475258162724
25.387694613637837,33.34993003719363
25.80728509692658,33.67675968141753
25.709582148620292,33.11418566368481
25.532613332870216,33.6925009743715
25.842465221200754,33.050410157813616
26.1265113456125,33.551112855786045
25.512806641073993,32.88844264707539
25.85934593078955,33.58645743063794
25.704128158485734,32.934301016367755
25.77898984636972,33.60740229100728
25.08150346779175,32.86979259247405
25.850048324443165,33.38501030164475
25.842870810109794,33.7430955899254
25.570939925368556,33.15070971782685
25.355524383912545,33.15283506824616
25.44056338178284,33.15774616537589
25.659949429830924,33.293957323007604
25.888008729316287,34.21930793617278
25.453233374186027,33.59124186560852
25.45188424795666,33.2411623327389
25.745855466842876,33.66382358554743
25.317086782023082,32.95007245606559
25.592043454840443,33.47204711626422
25.96918904010423,32.632503993864255
25.641334530545116,33.710741924488616
25.27157670380794,33.1168665722123
25.686285736055478,33.05912329139522
25.877370251136316,32.72596310402798
25.32080890095429,33.45775491329066
25.628340329201325,33.30663524561923
25.462649820594358,33.24310433128527
25.705631446471926,33.44205171440401
25.669836193937467,33.53685434466893
25.284660027469226,33.25538971246515
25.927538196453238,33.53098361890479
25.972265987564278,32.78220626217509
25.848277814803446,33.018095980149006
25.58905335076134,33.379085962579154
25.773961659535644,33.45181507809182
25.533584138473003,33.01368816490107
26.426367369723437,33.90843647258121
25.347732240262303,33.11060378144707
25.53601696931262,33.44676027809995
25.813373046576842,32.947974165970074
25.83103258309965,33.40500812521566
25.48003809985503,33.92934000927941
25.556982766355777,33.25196367351831
25.06346477920965,32.93800626840628
26.293455772515387,33.99196280698986
25.76872399511321,33.81189382595306
25.866022875535602,33.46721043144335
25.932705931647,33.74753108251399
25.99834002068457,33.513311524042884
25.341207988699175,33.170876231791
25.364002611854527,33.15747219202834
25.224779001453747,33.18369832749224
25.334286688619404,33.32972647844909
25.826460936670436,33.80618258670497
25.359494362070883,33.10800754331558
25.965942447042735,32.84703416187147
25.73966860239738,33.64975698345694
25.906338723746476,33.468523769712476
25.729185459749818,33.43024857023725
25.536363204315624,32.95943566677544
25.886862043668728,33.98820192292852
25.82810179278921,33.8734308402705
26.137935741499703,33.49215638267571
25.430138644814527,33.46654893475094
25.589913467678763,33.433367073935145
26.217527446802634,33.980997360982485
26.061919233604826,33.57734203557788
25.42943443998559,33.4233509917731
25.625357854303463,33.16883508519923
25.65203742196123,33.54696094895192
25.669329141713355,33.72818765118326
25.633274423215983,33.122039213761006
25.5375618924121,33.66913861960878
25.53824408383703,33.40375881191566
25.56619808529254,33.479894984619314
25.351491823712745,32.89260357768614
25.867210522213455,32.98911441471898
25.196231790088568,32.8775616454758
25.707093217330364,33.4237581450711
26.039582415834403,33.09585089309083
24.971721629156043,32.890037390589015
25.921793931283332,33.78951979090552
25.70219387544244,33.22532236406015
25.299433687273055,32.78575505846116
25.292323859872262,33.00210204883127
25.43041635544386,33.25337179481843
26.080929249110596,32.757592108908504
25.553054448915294,33.29210938366984
25.61035435254578,33.03983256696236
25.954965776903233,33.58849013857061
25.614952456696532,33.616979190860256
25.21909893200068,33.389545482902776
25.96352781020284,33.39286807603698
25.61782774846471,32.83925602090975
25.77815074191546,33.776436015854095
25.520473579133814,33.33611568452848
25.608632625436115,33.95011378115764
25.24562081585695,32.80560664050957
25.3202401727466,33.10726485341221
24.835819848320398,32.99504225468126
25.637133379252543,33.30742662201477
25.331280570361823,33.54000927333294
25.338327550069366,32.757021296386235
25.605637202438544,33.386586011161484
25.660245921058834,33.78235892432556
25.813254430019338,33.587511903948446
25.758961238032327,33.41597617290034
26.27059602642193,33.14017744843294
25.625281878216008,33.46912032441135
25.754256553037013,33.15160926889372
25.898273356958835,33.77636949529694
25.69341889626442,32.75570412025437
25.88734498451213,33.565733619582005
25.455262453108602,32.925932903718184
25.53113398509693,32.98602367775943
25.429918883087215,32.80183536174175
25.397215590481153,33.06263004729134
25.543762400946044,33.555352819028045
25.547753597939774,32.75491335426237
25.95976229817648,33.25145483280311
25.79457535416972,33.501700941846714
25.617001550951496,33.504835561883034
25.483029000349667,33.662889340182936
25.678738181003226,32.92993375578835
25.57439382660856,33.51478140550875
25.818338950237532,32.66440239867746
26.01959486403249,33.31122400713872
25.162385920387976,33.67697955777507
25.78577892764387,33.01020590473403
26.024389972287462,33.574607786580756
25.13742039455242,33.01545385031322
25.932991710102996,33.758849445405545
25.387546491384732,33.31623073880788
25.610691867405386,33.75286980288515
25.66551516935463,33.65361057984565
25.68740877283296,32.763877049972955
25.584149003256233,33.54499743177879
26.0160875205476,33.27845312224368
25.240568516023718,32.80546507551317
25.50694723046231,33.31906125437076
25.570174519275557,33.0521236246683
25.78346682343985,33.79694303693212
25.48974759367814,33.1052537995479
26.181070265411662,33.25281832859745
25.7107647103902,33.50465400572384
25.379377664035164,33.48606188380154
25.398138281985997,33.60316015892956
25.636016923731386,33.516474949425486
25.459933693441354,33.21232308401924
25.537720833518765,33.47775136457922
25.278300070981995,32.80560225241092
26.04818199011111,33.32919912629841
25.441392942349513,33.105426565872115
25.57309200309343,33.59442752378991
25.897852278863688,33.47725418165342
25.532148752550587,33.300871556468685
25.527400975939074,32.97047573589814
26.044482103495845,33.192732908685386
25.730314163176335,33.42589903974493
25.60126879618504,33.483298291697665
25.58218794071596,32.76049781302898
25.329246435252443,32.61996390282929
25.78677897485263,33.31992599589226
25.933792298589573,33.4030976945035
25.636240190263425,33.53066307755989
25.76419241572997,32.68681443394711
25.874151435745862,32.831373047939095
25.391954337001792,33.323354248517454
25.560360329679515,32.97618897432461
25.86502113530653,33.19553407976478
26.463445476894933,33.97920674081309
25.758479508491014,33.326776172770316
25.48370572658591,33.25385826576182
26.215050499124594,33.87021191022036
25.94433568513046,33.9035268574794
25.43454698779142,33.028599676794116
25.799430491615244,33.42119313421092
25.99748518918883,33.16281621729731
25.538826484569526,32.84892412583186
25.689865145605868,33.15264176076989
26.05959859226183,33.23954488092606
25.66351327017935,33.06475770640228
25.247485154617703,33.11513573279508
25.42677038756946,32.79827877407448
25.586050204284476,32.5695753430117
25.287993256178083,32.57488198270652
25.59238673684334,33.37289370995843
25.543490186132516,32.91076189387437
25.78648378073271,32.791314952061896
25.78760237657705,33.897574165031585
25.599363447331893,33.42388564772992
25.765603265269355,32.94969164817866
25.209684241290248,33.227755122023666
25.14399804870832,33.12227032103109
25.726980805695817,32.99310436187885
25.131601010171238,33.305131555467504
25.961134908881636,32.845299193594514
25.745682679577946,33.419093454319196
25.815958964383213,32.82787422083339
25.360827876882002,32.86644121617513
25.922320501403505,33.7613184944162
25.85463211423649,32.60798054720573
25.899639813301135,32.93572045138421
26.069456164387923,33.37006970692403
25.641713693412864,32.891814432901164
25.840974054810403,33.277432873461
25.3433321894412,32.53844982821725
25.72329812411332,33.525759511134346
25.73140302254889,33.12548854460569
25.328068512120296,33.058443438188284
25.872743051678057,33.79464782180494
25.98535905605578,33.457074581454116
25.751796897941972,33.42177128634793
25.274469784892432,32.776924020930636
25.663351867843826,32.98704359212375
25.85943340053253,33.77400372517132
26.09492562190491,33.50634287125043
25.48590240944336,32.76527671853995
26.08274461617117,33.160069686583796
25.28460791235438,33.49175505080147
25.272604273015997,32.334847417640525
25.713843623721136,32.9106365074347
25.33766660963014,33.44608377263726
25.69387930163516,33.65105820704436
25.87509058574155,32.66878493332591
25.42702967247845,32.82068010550425
26.294256348212556,33.48258881016927
25.422016749404566,33.04977040824363
25.81317332418897,33.529731133561064
25.78648092357284,33.372954735030575
25.20197902067474,33.02262719833404
25.299172585500006,32.84951470076132
25.71922028731021,33.25800082348624
26.234416747132986,33.431915642375465
25.255520415198795,33.2875165498225
25.579652107072995,32.769316879622984
25.951444337680254,33.522717949942574
25.999258758363634,33.304119281338245
25.771630980692233,33.26310458340326
25.315505644484816,32.87599849155233
26.03143414418573,33.34926418342784
25.33225433434992,33.275890960768876
25.82437095102833,33.31534285778755
25.091623081391592,33.116536887828374
25.68440465426757,32.87207094887908
25.6931051926328,33.181640628448626
26.359415239019715,33.68172861980909
25.50724254305483,33.026774961739726
25.39513514008624,33.59195673600779
25.166813929275435,33.3720228000285
25.620222808179264,33.54379590087203
25.83663244697477,33.83226583727889
26.266822592804157,33.950042484721024
25.633506386631662,33.11378055313608
25.263787827396733,33.161246907652284
25.544783666482324,33.37077530637509
26.13251169933499,33.585017270634
25.93091165530695,33.41137914698076
25.740358951045664,33.762360063748964
25.214770226299112,33.10976120618559
25.789531858747118,33.777474110510624
25.50333066181241,33.10345594165784
25.435718816273905,33.260106711409456
25.550173384941615,33.20829167711551
25.680051778894107,33.416368561645704
25.787688265449884,32.7404678321505
26.28175904267243,33.60668126965027
25.55344291612014,33.135732404088536
25.3804694599854,33.69358380705928
24.920747274681325,32.3030113219231
25.712199516331292,32.78921205930401
25.31813403906779,33.529260649108345
25.562568511266843,32.738777722731825
25.494948613915994,33.690391919605254
25.76189667787808,33.63737535219642
26.001861111063974,34.16949272178572
25.866381431634366,33.15873584914666
25.693792133525157,33.59588862955421
25.704012236534165,32.920729416971454
25.14606531183219,33.49759156832991
25.411173371321,33.054642634095174
25.729825717764346,33.183909149421225
26.177933226258833,33.04307933639504
25.4097341514377,33.64842316889188
25.41163389166286,33.57025752551428
25.770240721093913,34.04520707815884
25.48735417272672,33.1886150159335
25.882152284346585,33.182201316508156
26.022240889333187,33.794562262561925
25.451135666964518,32.88076696158956
26.051083219858185,33.40850360710375
25.834216814306238,33.79807983753413
25.731992948599444,33.34628558425891
26.071839786858014,34.41285598496293
25.93622831135483,33.85920729893727
25.651700033205426,33.14647760080436
25.57775086634768,33.58081398054357
25.579222390488482,33.99434986694296
26.21347684675625,33.480370548358586
25.56225718479836,33.558834212179676
25.337687400202455,33.28797984290396
25.830028222038706,33.33010872326209
25.840263658923668,33.42657464829044
25.733823130259022,33.342561868096425
25.46172963667299,32.70604369344488
25.118295190828,33.02469360652752
25.884401803945906,33.507991761397015
25.64850268024053,33.18759879731067
25.58666318062222,33.09766339276209
25.718537780438645,33.38338455003426
25.106162579514777,33.077138553851654
25.707712303047597,32.52722681540945
25.686480766946744,33.067472207316534
25.56841855103551,33.08412482364143
25.476543411437422,32.62051116864521
25.818812624805958,33.30758578487564
25.516328790290057,33.073839047466436
25.642448543722004,33.22534782919448
25.901781670341734,33.73354646862742
25.859230661626263,33.23440879219976
25.8882677625636,33.077754906221884
25.55276193728042,33.41578514468818
25.393454724705023,32.908937616416544
25.426211026483,33.27555480291096
26.080418368300563,33.205716090638944
26.042027772606396,32.82247048346757
25.442898480254996,33.179929882733454
26.018742834756242,33.37831002913338
25.078167321692035,33.224057228979746
24.97285978051579,33.213731002629125
25.352762128168305,33.11243535273959
25.950025177602814,33.6029811589317
25.66458542581689,32.901360853081655
25.25050121928811,33.722031485317984
25.88407362395311,33.798147139548604
25.69483859532074,33.716803708077144
25.810093224137045,33.23998738158351
25.8078183020444,33.21672971423295
25.41665971573228,32.99113050889586
25.797857411110446,33.695551501998196
25.937685149610743,33.22983056395988
25.646574274927293,32.932205285228754
25.441911435671113,33.250629328380555
25.708149142231562,33.72719237054314
25.30353364428367,32.75007102715595
25.770584146331288,33.53172288428011
25.279414999961794,32.79106606940952
25.438795156895683,33.3099131153966
26.053422581490608,33.9832145328604
25.202600508052285,33.26804127072729
25.93116903540991,33.6503040088543
25.678021953273017,32.779908173579614
25.5567453139571,32.97584070245491
25.59939445216084,33.135712339108224
25.346807902295936,33.32152437988417
25.776151828896374,33.14523444245463
25.416603626768808,32.859134467348355
25.328419868285568,32.817347894730084
26.153375703176973,33.52965236465498
26.083319528598583,33.369007357988686
25.01790395662468,32.88501545551478
25.811021733694925,33.502468614002034
25.694329393995815,32.95471597153862
25.359854499047117,33.30736482942422
25.83964647018936,33.35074938723978
25.488030312062428,33.231926848326374
25.81422184999513,33.023334434425394
25.691751772045418,33.29929922933401
25.71789604037484,33.940951093901695
25.473881254665088,32.93598451955759
25.926232727767744,34.0488992193341
25.076502398540597,33.3038716055144
25.908720697148194,33.08102156572663
25.739231172262556,33.45269044572089
25.378641432139986,33.174560982326526
25.441637845550567,33.159658475190724
25.51117092021253,32.89264155334628
25.818010700321317,33.70215127387834
25.94350243337327,33.652889204676356
25.486027641460794,33.23389681797157
25.34456185346783,33.512603293231145
25.965393811521672,33.477554788218264
25.434582843766613,32.78518120222757
25.806246081936777,32.80984171878375
25.49232409572902,32.853315598869195
25.66009461459943,33.13913076736821
25.356238010070008,33.295440013543534
26.187138937238696,34.01197596702706
25.86586335199035,33.83732293448229
25.95245499070557,33.61293220049491
26.216807607357257,33.79870584434786
26.01196041790905,33.86075872351079
25.170177331207398,32.87637986424343
26.0239067792664,33.503202642046105
24.93126693716643,32.65576500364116
25.25912089379415,33.10399930812565
25.528777559770802,33.297031155031306
25.723830571876157,33.43471904802612
25.503666925497413,33.31158806760535
25.88265487150272,32.640133011679836
25.669369513026012,33.36427027470139
25.85779916966399,33.16774786196028
25.733253890839215,32.98944324835344
25.180139012036655,32.50351253946158
25.649038483024423,33.77642305787446
25.702258141928276,32.863179143479364
25.60696672327594,33.0484269854659
25.316970529322326,33.06412746097543
25.704955099613986,33.96460614285229
25.758632872490452,33.42787949655274
25.426486014261297,33.100734899452114
25.598290406342294,32.440415964042906
25.94309623526543,32.88446214193175
26.304540525565578,33.76412903671512
26.01189777982957,33.57073352721871
25.224993776076968,31.993932157302485
25.36512607999667,33.64312579074856
25.784743566272873,32.872140900709184
25.404856002182427,33.12088238160735
25.666194062347863,33.25577372532343
25.52714791309329,33.46830119672535
25.345812210925178,33.319330359595334
25.940368132402817,33.44515677481121
25.60476095025924,33.80528172095088
25.41904700614426,33.61333151066709
25.452334692342482,33.195177222051015
25.447648389971434,32.718139070592756
25.66123252041478,33.516027971133276
25.78427480561764,32.6587518249591
25.38056447163257,33.02608871200343
25.86230329219272,33.385527644795346
25.17550250638374,32.9053131673181
25.60591355532732,34.0242886130845
26.022130286836678,33.953977916888135
25.748854726700383,33.402832649360796
25.836859728220873,32.52912221393475
25.88080222977387,33.39909592483091
25.882397829978494,33.48739782697842
25.577586537095602,33.647459789977205
25.77450554591748,33.461349380500984
25.845882832743783,33.56648126709796
25.529243084704916,33.64651467592692
25.442157567598272,33.06192566472311
25.97021911163759,33.777829735187275
25.707611598438433,33.58029433627437
25.475146741507185,33.221509802685325
25.91289858262904,33.44568766050518
25.621561401824792,33.36271108091764
24.872113087138263,32.940567210727224
25.921874899797892,33.56611159817738
25.54810657432805,33.45884735402045
25.578589992865002,33.55308989738878
25.510733758609668,33.251017854506145
25.501880096312185,33.35522467502361
25.733687220889394,33.147749976184684
25.94556146032366,33.67558591748175
25.661114343440186,33.571209999268355
25.181331228243828,33.34647167801241
25.214869101761312,32.852232452369655
25.710176201393548,33.412298422189735
25.667806134562586,33.37424297261987
25.92683615621081,33.22869979389506
26.217689452387884,33.92423658271473
25.582695580040248,33.09864927073298
25.871768205861507,33.23065046759554
25.69448106070715,33.008035445850425
25.816598140236536,33.730582537436455
25.724182418708665,33.04469378603755
25.578583548418372,33.07669610162744
25.325321773060693,33.312544679231834
25.659667382219215,33.57366040494963
25.583367289830687,33.50993111922381
26.116921135050784,33.210420479408924
25.903834940301294,32.981982108309296
25.690755307021174,33.20374218776505
25.8171076188833,33.82036995511497
25.661308113207404,33.45139630963352
25.835392765909504,34.131131302938556
25.979212835354875,33.18846944875246
25.441223042480516,32.71506783686776
25.618042831171483,32.44294551262735
25.917160233018166,33.321233549161974
25.43208947088774,33.393837901957525
25.987624767870866,33.988195055540544
25.4303855613395,33.729450523419516
25.817474205693713,33.017014030781965
25.765698484427794,33.63355130268918
25.704060122068736,33.65474771750597
25.831968385971905,34.235587509959075
25.382135275391263,33.65369570102735
25.96292841790859,32.61527840581205
25.894402804506832,33.68586192528668
25.586387864338132,32.76356316443499
26.247442065776013,32.66685335018766
26.04245894660943,32.79299572433581
25.392840569304745,33.53409069844468
25.293525988850263,33.419267913488156
25.221451932139956,33.419554436958535
25.134324214779106,32.6871306856471
25.498984744794605,33.41338082596374
25.579684826141172,33.503195580553644
25.40479083552803,32.80712338194557
25.225657091122375,33.42148604664372
25.47258144691205,33.087077680403496
25.426471426617873,33.137170299326876
25.879309787124946,33.4601845042118
25.604722454941573,32.85033896298725
25.761722374118648,33.3561993107997
25.566845719599236,33.02301782131952
25.049730708768138,32.83804140984346
25.32930886712995,33.38247482973591
25.217895502898234,32.89337317548379
25.314091906617893,32.64652394370544
25.767923946930345,33.723895049677445
25.8010647013151,33.80200916507143
25.50061345722711,32.974870231019146
25.42159096888711,33.222477665085904
25.59092179904041,33.64146134220509
25.62168627838289,32.672556090175576
24.98146779152395,32.98845041077829
25.374474186577388,33.069612457934156
25.71435177993776,33.432044626919904
25.44170333176735,32.644440168926835
25.804725576060758,32.51260606810955
25.846917806855068,33.66721400044825
25.502950728158932,32.72444050902045
25.445397643496694,32.9730588856047
25.902276771469985,33.44886370428908
25.91510878620161,33.1656397988626
25.215398008942454,33.00414326089324
25.46450509022283,33.02073333154971
25.207489814617137,33.1111590783051
25.152361221354614,32.92029969630353
25.2860236893352,33.367259230057016
25.37569203250572,33.00905585001134
25.772552675358092,33.48293862898395
25.141175623275966,32.9340812345317
25.645459443569074,33.245735045920796
25.729591330744338,33.512986373527525
25.68763159772596,33.0499977344626
25.727454004281487,33.72368051818826
25.732710171745353,33.60199509705404
25.760563148144033,32.666627525226815
26.13331808853678,33.57800451360852
25.870108850445927,33.60903124972935
25.677725279048595,33.81441893640942
25.76119369618152,33.5568279865575
25.760212237993557,32.76532996758787
25.894480355284802,32.66682313989037
26.24197065808976,34.492441926405064
25.289757547626007,33.60902091361294
25.754188875856137,33.16601108227634
25.491865433996498,32.877229582351774
25.56819850340552,33.08534513310692
25.99524137744618,33.46405655967716
25.527570940440576,33.20626834811702
25.28499959670983,33.25701274894013
25.958518704222772,33.28694803535521
25.88002623307356,32.893243535855675
25.189688082578975,32.87108162761952
25.689414788530936,33.13788138897299
25.652603071602076,33.379189815826194
25.351269942309106,33.641256279508845
26.067301373363616,33.71284485437842
25.655620262314123,32.986052939315954
25.692177879526696,33.339656153233804
26.354220144909277,33.562898653314626
25.47557674125396,33.33345917978756
25.410701657484932,33.26521627452165
25.808334868575514,32.60634651782969
25.706357830158755,33.35576953754332
25.816957195937526,33.22149751685854
25.564672266593462,33.38810449339284
25.557609015982642,33.338806864523264
25.68535568782716,32.996724714863525
25.224860269959766,33.25526644315388
25.41675044505434,33.14839664348606
25.820325320580537,33.26872394188891
25.58519037379976,33.166697890280275
25.02890801645261,32.85022411325995
25.46742402880388,33.33259052792451
25.894146655507598,33.74121534154701
25.908227135171963,33.92751797133281
25.52664109862593,33.31017197756278
25.67260547265556,33.55509947808409
25.43072178087847,33.18666649547806
25.233390066378867,33.258809260755164
25.363718673760815,33.129436540237926
25.774651201533835,32.227658023455426
25.982118650948856,33.92466360172072
25.698764485082492,32.702881898613875
25.33735684767659,33.22593453023366
25.841887651145313,33.80454492094726
25.74690162700539,32.95975058891786
25.739856953093387,33.50132153906326
26.386427302855495,33.496398507094916
25.794383144277038,33.95452039381547
25.260701363268655,33.55171821793779
25.888400773949826,33.57004094436689
24.991503900046254,32.81625023952283
25.489687439858884,32.87617810495287
25.615140066050962,33.49501748673623
25.355334919124637,32.7722989139564
25.725260543733885,33.6741525031259
25.90092219823005,33.683201445663904
25.994250241982545,33.489147779055536
25.281866118589896,33.37929834152468
25.332141381798873,32.867727090782786
26.08522120709769,33.862702566458914
25.60026060439238,33.36422598842398
25.556789050220633,32.978760892753
25.551691244137682,33.567060935257814
25.81188620188331,33.82644362692935
25.314544422023985,33.49446347934235
25.478031252203483,33.23012997860946
24.84757330621664,32.372250484341414
25.803837916511597,33.330418817399256
25.93238291350054,33.041726000873965
26.25026607245996,32.894228121097655
25.336984933208104,33.246307939564645
25.224851463347985,33.06356506400425
25.660613236332434,33.31673741663435
25.822698609070653,32.9032211457378
25.260586713916627,33.161546235858566
25.94838556572046,33.60930030676734
25.768334722882212,32.48418616982425
25.57830208894318,33.33949423462032
25.537912774301507,33.29737542848141
25.582463284795075,32.6824048229496
25.72395815066497,33.69357138387809
25.186421439507647,33.16924273346837
26.03181995761789,33.656369355750364
25.399542143060202,33.18955144556196
26.059041918548807,33.46581915772034
25.39327164489757,32.943806252488514
26.168763800784326,33.77279070605784
26.146846060717806,34.07710691052435
25.53082322364451,32.69984805533394
25.674106135138928,33.247576737358926
25.733303519150482,33.71066461687534
25.51261326460768,33.02694393500234
25.38511159404532,33.36495600734784
25.959723344031133,33.40504632568421
25.775285883840077,32.63255956408699
24.911910385689573,32.689770754562595
25.186274611384494,33.129003142647555
25.43972339377044,33.20135152236814
25.47848984532426,33.3100181508413
26.04637409244244,33.457685407129574
25.752927475686135,33.466926668257436
25.607678804467326,32.654094348850904
25.813424952887615,33.5645519393236
25.63793380331185,33.514913297897465
25.832990383672477,33.445116371293665
25.897331290190234,33.32821358124987
25.280538768391104,32.92896483792562
25.464576325501294,33.510972118107134
25.51035795533415,33.5192109648406
25.514163456012536,33.19096989047401
25.684374634235393,32.937827952512464
25.449705387223847,33.15751367170732
25.250556740010737,33.141766917769665
25.904575303687782,33.44617707160101
25.671411540358356,32.85924036835596
25.21423374631199,32.65055366055524
25.440253506773768,33.512722797826356
25.54490278299678,33.207745798301325
25.96740879922334,33.09418579476582
25.838051875434648,33.490166530696605
25.385511820445025,33.07096871663575
25.46819603081982,33.355296422132355
25.749691463754704,33.52734682786197
25.497851409932384,33.429796015740706
25.48643822197067,32.90468296269002
25.747671681234166,33.348754262071736
26.23254029934382,33.34167439598408
25.279764450187784,33.3919354274314
25.90650268343506,33.72959749703833
25.70797371837629,33.044701318129796
25.889243088545296,32.98919369305521
25.309321860997514,33.23008549575122
26.090907773744085,33.53920123477426
26.171400858033394,34.324386882245086
25.368760991169232,33.38264037610076
25.560230153601523,33.49980939795633
25.60478340649122,33.38061391698662
25.234134215261207,33.640329294461004
25.90600209718727,33.03016544528377
25.306959071277614,33.479864281567956
25.447120549211515,33.262545218064496
25.982240795036304,33.179264720658345
25.82822590531331,33.85812561330944
26.172962599516122,33.61830955837258
26.087102379170997,33.01326374895328
25.767322528769487,33.72578829618909
25.394205766467525,33.16663160172332
25.81126232650981,33.880127483977574
25.396773436370715,33.1448557958638
25.520478580985,33.119345533278405
25.521624950860584,33.38276478600666
25.55069647334001,33.33149862351276
25.755067003636587,32.99683459705506
25.848286605961817,33.664390675152596
25.70925374302579,33.24186218031829
25.79791027317549,33.12001562100278
26.114533960020513,33.325165358216346
25.416971109747386,33.70190108469395
25.01493160716175,33.21149689075307
25.851699244426996,33.208090695161374
25.559482718490514,33.53097652086026
25.674421604696313,33.61136874530379
25.45715946889129,33.477534303555615
25.634304167196433,33.326829770786574
25.752484077372692,32.871315446041315
25.96400802126067,33.116401468737095
25.705011713590885,33.794920878601914
25.736210774492534,33.404752212240126
25.475225015159396,33.699797150182654
25.939410248195905,32.4660294423376
25.876101547275887,32.87288650364856
25.238055287045697,33.23121116708703
26.059771244823676,33.72000464906442
25.629428771027182,33.63396656551305
25.496707060739933,33.21106320584593
25.697494476598106,33.40755867605055
25.532912950600934,33.42429241574989
25.702070131203776,33.005412898212
25.452563077375746,33.573805286988055
26.20696477824203,32.4279988610086
25.925704832147762,33.48550817342596
25.805316544989065,33.11453186942111
25.648949213787475,33.0468729251075
25.818056751393055,32.890033634668626
25.58674991632037,33.33689632503963
25.412231246258685,33.35966357692957
25.464167729055582,32.885626046941894
25.5442396160768,32.88118597145927
25.7059878875475,33.59389240065804
26.014149873983143,33.775531429845195
25.414675928353045,33.459385004524215
25.59602115205962,32.946656318552535
25.462483762506857,33.491939485346784
25.01422781161563,33.029530633422844
25.893739984517442,33.56622778274431
25.45413610899052,33.16505700556337
25.63874449352157,33.59255285249451
25.58639109575195,32.5387312482518
25.368014244876097,33.443939095279866
25.760767930610506,33.314558149706464
25.484078520963735,33.550581641525476
25.477958504872866,33.29966646340519
25.829186804282916,33.92066863949339
26.075428066242434,34.113842963783014
26.3659721712085,33.223755530924734
25.418006355508023,33.199958066962225
25.25676226800658,32.99694852261088
25.95298162127298,33.72074436606333
25.759262897833466,32.7467047852131
25.473670421868263,33.23483036450065
25.500104660379034,33.364943398967426
25.598614739065773,33.5776838030368
25.70845782439972,33.36057491047322
25.789132843991503,33.080476448503035
25.906573558962496,33.247875152982914
25.449807815340158,33.07855623596371
25.982803349782948,33.9105522160758
26.067615495442134,33.24362447421751
25.513859624060668,33.472695238680274
25.824706249663528,33.29722038359365
25.558877728581127,33.3069707097331
25.596029663857003,33.46756353382744
25.685505293594094,33.40393082015804
26.045986389827682,32.74072643232407
26.089610662364045,32.933677662375516
25.52839702881832,32.98951550696624
25.876827688659723,32.974629356010546
25.917723619529124,33.23725998987733
25.666837551010627,33.83589974832725
26.069670732957242,34.23286447372159
25.613305023606237,33.775051457011365
25.55286594229045,33.04409037577115
25.368313202332416,32.75312642826091
25.91990408677524,33.24563577290389
25.70973007555057,33.39652461781276
25.981281157007462,32.74145857903496
25.823190970338484,33.202248553894336
25.41904659120117,33.05026889702571
25.60902878366649,32.49465272999221
25.577568648706404,33.377477166880695
25.9054471964675,33.805038968771306
25.6590193652873,33.74355301965044
25.863710660483214,33.1186791913391
25.716039127526592,33.61793696292126
25.83647928691581,33.599651633380155
25.25285549188643,33.300062192665514
25.699423700686808,33.16135628762545
26.000381798549768,33.89762953412419
25.746075350725818,33.335193897866056
25.686769968192728,33.75995525327437
25.73597170945874,33.60162844731466
25.81006226815709,32.83939550354448
25.95927036344496,33.270798577684076
25.496470800605284,33.05616211895665
25.519588708804193,33.258382602823424
26.33986290033329,33.38347155572439
25.80275983983905,32.90583275643236
25.671199468635244,33.32257057287383
25.77532765246734,33.22479226092032
25.51473995283005,32.9509428628424
25.721620896464785,33.208512891536934
25.827233937428552,32.89936171669242
25.365523300569095,33.13261846057091
25.70698004200104,33.15441156205485
24.822774286888077,32.73396222889138
25.86082166101758,32.546848191903294
25.94520663073273,33.311215174981626
25.974395018779855,33.331260487194214
25.774350759948064,33.33608751527129
25.39777381823496,32.99746275822829
25.678417994093053,33.22267788466735
25.970510821201454,32.9824802201703
25.831968538140217,33.59878671586944
26.094826289220848,33.569779131607085
25.492515748015684,33.28358973274369
25.67708117976931,32.40448934097043
25.873551234999113,33.37293175575371
25.68324350165008,33.51063313059145
25.929710300507963,33.83315618013585
25.707501524559486,33.469165733310405
25.879299590928476,33.960612160998906
25.859719770650557,33.29126696419695
25.296013707219974,33.05525223483396
25.734076844113883,33.20695628454464
25.633657405315528,33.293066719116
25.52344799001989,33.66140405952692
25.569794528005445,33.38562160318856
25.043856420718207,32.519310480728414
25.767827794510076,33.23628295518448
25.861843396737648,33.30922833606166
25.68668637123405,33.584737662747756
25.59313305067859,33.38795581498354
25.788299572465434,33.29683171716059
26.061368827472855,33.835980293168134
25.87191841131702,33.45176964428773
25.9028781023816,32.808424698870574
25.41960144129599,32.74835907681267
25.840044392616548,33.860189804704845
26.177424834991438,34.09161903146074
25.445571190327897,33.036346101836834
25.856127777564915,32.897932486881665
25.51272755681713,32.86291816197817
26.095985855556687,33.368524126205884
25.478038987590036,33.58956309088046
25.762454002111866,33.13943130902364
26.034875781674696,33.63418618692736
26.160846433591658,33.34083769254227
25.48472773408598,33.594104660992954
25.63195358667189,33.46109877990245
25.554927693647386,33.290105168382205
25.79330426879327,33.23797294868148
25.315147508016302,33.18795499782426
25.481297015421614,32.918240617711916
25.349780932224583,33.15478763112755
25.244757901972132,33.227046691077575
25.75568750973467,33.39980699191925
25.53236035950099,33.435371121442905
25.864949777953175,33.685389491703276
25.804974005767654,33.6113728705446
25.440579588739233,33.04870829345256
25.419354332520882,33.501291558305155
26.108649470301447,32.89321609624665
25.183527993225024,32.95715104793914
25.579135824624135,33.57247113308073
25.62320889598882,33.06828946705414
25.370303682266755,33.04644722805612
25.91407691229032,32.50056764182403
25.59851474224473,33.29574680685556
25.443158840971673,33.223851617640314
26.02211239984137,33.558242079314724
25.778031651633274,33.592451979185235
25.01961376427376,32.73137815409562
25.672547819356353,33.385232605993075
25.485179309532,32.874785433849546
25.662598280711663,33.06448671215605
25.927687950477388,33.50891829572718
25.606722928551925,33.55611367372742
26.057382324910645,33.1730238903985
26.019729795405244,32.92125425596958
25.84575834430771,32.72392975283674
25.785632823044704,32.969074600315004
25.523785217464447,33.483733798787085
25.482535017340837,33.47904188387063
25.3563554005025,33.36394808394975
25.43978426173616,33.393051474791434
24.89266276516816,32.54546124000357
25.62215288062948,33.16375483390141
25.36334096163117,33.39679960689158
26.08451820508582,33.54423035438775
26.0231128732643,34.07071410319123
25.46904227982232,33.326348649407066
25.440777722948926,33.02149299166873
26.010013126169145,33.25583060353469
26.00061031216109,33.13862497378441
25.976356185095774,33.29092952386778
25.848525167299787,33.480816960494735
25.96759100207192,32.96037924484338
25.887295372509946,33.81972406510703
25.20080479067116,32.697829659172335
25.591603849960773,33.7151619516446
25.537654718766973,33.201466392595535
25.733658002960226,33.209814653729445
25.570574268763373,32.83628630096937
25.10894725069322,32.99875998014521
25.81334428673025,33.02309613232782
25.238469124604528,32.70240609248117
26.016207297512846,33.126691730830586
25.647708798006306,33.50964773621419
25.412727977851343,32.90397774473802
25.66959749023258,33.028733958341235
25.668697901053328,33.55798820855834
25.62158139495577,33.11863044272789
25.37158941966644,33.15631337675396
25.290863081661218,32.72540080687471
25.540949233206025,32.697857281728794
25.53782079930256,32.95412339948881
25.680652428224956,32.655544384517455
26.397101772001733,34.023669878675875
26.033203549576175,33.54623818376392
26.093918590031862,34.16144017658222
25.85659008037416,33.98340321738986
25.31624384126714,32.906172275084884
25.43752431518449,33.30121313897895
25.51751132864193,33.049298424980456
25.577811992297573,33.64185154486377
25.91483768562365,33.48225884650458
25.76068341257596,33.06181302343866
25.692186731931468,33.42293605348319
25.588123866932595,33.669800108336105
25.580050288559043,33.6792153992273
25.604736042203243,33.641134519979126
25.84105781541137,33.87636672360426
26.115919771603522,33.995043267002124
25.954871324838365,32.84664330910526
25.547725387002586,33.607077241262076
25.527944419532506,32.93023060452402
25.84335976091335,33.36817178045439
25.947823554288806,33.81822891213203
25.300709572740217,32.91169371124441
25.412466815400133,33.305837169998185
25.919284285033307,33.82614250159284
25.619760822266233,32.719589844949624
25.226772287771063,33.13412308488778
25.778081335254697,33.06419547558324
25.37576811720591,33.15518270577933
25.72351953779073,33.51984050001355
25.737103749850043,33.59782815842653
25.434039263382264,33.2015014965121
25.986436646704686,33.75901732995456
25.773490099799766,33.428925244156076
25.31906083296677,32.85579490930124
25.77460459053155,33.49709424984844
25.78290133906928,33.67836247757411
25.75836067986902,33.293222547616175
26.053323224518767,33.347802294667034
25.58538066532754,32.74002573783754
25.769513256988233,33.50232821144451
25.63172568776924,33.75735933063588
25.72309740442639,33.52837134980523
25.249501877344375,33.26329693582776
25.576235420663682,33.52961815944882
25.771568034956786,33.26658807170186
25.245487803188496,33.410668075817775
25.925710561007314,33.35450168558565
25.382219220139017,32.819709381242305
25.355768206984038,32.57875417319543
25.786186686087067,33.23342496168169
26.084454575590083,33.39716118829249
25.187734232063367,33.70491433263238
25.407845085392733,32.987609127215464
26.01780776336092,33.37974186209409
25.640839879682243,33.44336709603602
25.796189425210137,33.274284353357835
25.434300634804842,33.78324270855942
25.75100000012995,33.42901271504804
25.661710560915708,33.47382832995834
25.951625838084485,33.02445130118384
25.88176182369772,33.270020363754924
25.390570057033,33.08500380436008
25.647835123272205,33.42073486668315
25.507665774414928,33.23884320526358
25.494884000752894,33.873939503455674
25.59952286834211,33.01211740238762
25.496061387001948,33.29090485185229
26.071823501629726,33.61010653785742
26.25643847633588,33.25203220948824
25.575362292249036,33.74266777729029
25.526202314000734,33.389270399762566
25.106642757063828,32.974421922057424
25.976256536817875,33.049466912645045
25.52781307980062,32.8276446707732
25.60552474563416,33.456354720300986
25.6903407076819,33.93815185144101
26.07995491404163,33.82099916299878
25.597603927626743,32.9542309354457
25.255672437066753,32.883665360163725
25.64804901019589,33.063845521100006
25.36190791307525,32.66654281073795
25.53180976628859,33.17529078016795
25.38163644427965,33.638438179436385
25.423517777860184,33.38249326553881
25.2937987409424,33.66488127276398
25.410644309524233,32.21467879938335
25.235180523952785,33.40359630262213
25.463588894825534,33.244643199041775
25.888243175201573,32.947978906756724
26.155008970689483,33.80928589785007
25.71400658867852,33.31962888725742
25.56908889978009,33.510078888205385
25.3868483606691,33.1735708351836
25.98450933996033,33.446656137814735
25.18933114380169,33.39130239855898
25.285576859165587,33.13218185838009
25.29809111754757,33.07700356362372
25.799582720686868,33.49208606620161
25.804635170474484,33.30861740407064
25.585193946388294,32.510540243861804
25.690611889308798,33.4146348393287
25.8454469405157,33.31896331109925
25.622052023837377,32.88776636498804
25.43465447596004,33.48277352913085
25.93357688829607,33.61302790165874
25.640471255938877,33.50402931537937
25.87320133687375,33.882081277847306
25.673553786391093,33.77729797087691
25.93552625984739,33.69614062566277
25.48499922688043,33.69017187467243
25.573984342249492,33.0328966487303
25.58120103431827,33.637929016563255
25.769359659282742,33.78389392775222
26.06308569157019,33.18296919619519
25.341342831702104,33.18951337407701
25.79241229847602,33.166536330116685
24.83243919117129,32.84912607936049
25.834167117304148,32.63883505054794
25.286522658523257,32.95290174897217
25.500023384379066,33.68904148933727
26.091814600879886,33.724522240524905
25.433313334108533,32.913241479223174
25.73002037236261,32.88720147962858
25.5521643113448,33.185121340000606
25.346544149094367,33.339236475770115
26.043987666915513,33.572936564185554
25.92231335234184,33.831809296257
25.952455557470238,33.52976701680106
25.61514551030419,33.57470246706484
25.796064938820745,32.884050123339286
25.46643667754536,33.28844877704236
25.261150731085444,33.16637279005474
25.85209887529073,34.03375761545872
25.648325453877668,33.62309826887321
25.250148540888055,33.280381356825636
25.672725695697057,32.970731931436106
25.75077644030266,33.989305771296664
25.95543695931839,34.099509746431764
25.994057182244546,33.39662915258703
25.79219621055376,33.09993821191996
25.747397927270814,33.86208253548567
25.70750650982958,33.86028367897172
25.210133266048107,33.42060260261634
25.61336678740363,33.5290568489423
25.173060731714507,32.529232394159294
25.444166317746173,33.195048969059386
25.47502854117682,33.363144397790194
25.419423958548567,32.94699558355777
25.912751476487703,33.1871541447391
25.968228263403248,33.83703785739904
25.762727550340717,33.61803998697914
25.31935406372718,33.07960120233261
25.789538382853646,32.86378694432267
25.447279570629885,33.51623012343225
25.378121733013526,33.34630967318206
25.892991017332037,33.135005995124686
25.646706533534083,32.80497943706641
25.98544763615232,33.483520423690564
25.89336127658513,33.54103894763552
25.57403337875218,33.29840336001318
25.833228669723084,33.1820153602743
25.49369861718665,33.23411085225125
25.54868552832753,33.05517413201606
25.83944664857243,33.39108333772765
25.44194973476717,33.09138726510944
25.88636749893707,33.563315614819864
25.275840118781893,33.09807815569159
25.137175123500654,33.107780618863856
25.799018792349738,33.721499422806204
26.18072523789662,33.33737878772165
24.866209724725984,32.81316899800519
25.542673500441516,33.460561011147654
25.64107448387062,33.4659340355823
25.873414255147573,33.05240185911482
25.789269877187383,33.26063617250649
25.319495943256612,33.20831439824296
25.493921455963857,33.31537631664326
25.884077253541342,33.7350149256706
25.260724278387965,32.74524782451158
25.565126334740143,33.01710604496454
25.884222740409776,34.03422402299595
25.71799075690216,33.56931942848021
25.76289226132274,33.095535308177794
26.01697669809911,33.51211182722654
25.40439164390795,33.14953523461982
26.001420382824325,33.75286285912571
25.65604404211775,33.66098106419134
25.244356142642452,33.09625588076983
25.218269198389773,33.09644160960077
25.463209946137354,33.2180291100048
25.482771439244257,33.179210030931976
25.763017939546828,33.15994283961467
25.44031243202695,32.84465953667042
25.51756051942116,33.06428941526821
25.604048521880408,33.062609975801365
25.689471055721206,33.496434723330744
25.320610768881007,33.231590868798534
25.436327146792358,33.04820118969783
26.20134928027469,33.18204705012637
25.694957820165957,33.23588774232975
25.90201529827634,32.76252684110308
25.647139447314295,33.14845509167965
25.577127258273098,32.930228219552646
25.63177656031366,33.55035066191397
25.79701572405913,32.97741509832034
25.913393806473778,34.174637782786945
26.249154371938396,33.4171371822985
25.973091640727816,33.41709920000016
25.723671546705525,33.875055859629256
25.391416674898398,33.178880247955185
25.66451095570829,33.159711560766326
25.540023582888704,32.5712861249945
25.660688532107866,33.628959936549364
25.326781195300153,32.70483862567253
25.68467400116507,33.25425647972488
25.59546138237255,33.1447162295099
25.33243954351407,32.9266308154217
25.626485721299044,33.373819561305325
24.787491650556465,32.8000697930304
25.386922757193894,33.42924538327605
25.724371702085676,33.4636252691696
25.079887837974443,32.70977686069794
25.652851267411023,33.298009272383666
25.654646528455398,33.29198545894877
25.69094052376518,33.47339132866203
25.756310285730173,33.62247693819504
25.45262895514007,33.640363421269825
25.29741066377263,33.270452900116695
25.689052502211847,33.069186245638974
25.377477679677842,33.28784937214679
25.91462353396485,33.2425305885341
25.865795864709067,33.195049116078046
25.94269198644133,33.224702478049565
25.82682618888999,33.39719773148453
25.8481723583859,33.89801839132356
25.475024391676577,33.21109524066226
25.797359294563986,33.290917416375116
25.551347649026575,33.754646028148656
26.073163563119365,33.66124804046918
25.015783690086323,33.06093295723997
25.33757444583389,33.39353605169638
25.885399024306214,32.984004907640625
25.785532001088225,33.071075456186435
25.516162318977358,33.53935739028695
26.110809889220004,34.03319839141053
25.513610777276103,32.98272691251245
25.809876489260763,33.63971620288497
25.537382448221337,32.84563807234944
25.393969227741465,33.61102486913521
25.65757042473538,33.44308306063452
25.568871029097867,33.46611700087303
25.835575697956948,33.26998619923343
26.18365960740197,33.45950510836778
25.94088382784368,33.112806596033444
25.598100842721326,33.84522052196542
25.72964359079089,33.32561496521026
25.40098244886537,33.422938905730476
25.71065250064411,33.48230208839716
25.853735436397184,33.2271425043715
25.90780058263616,33.22571431912446
25.500387998760388,33.66055745458877
26.024899192719424,33.60250662860024
25.634596967815376,33.37430485987904
25.678105986960674,32.93055067077548
25.313177923204357,33.343499068665224
26.120331300123226,33.02785513514383
25.985957835563504,33.15299562498344
25.661089045272618,33.220664484243564
25.725535581688476,32.81497540094513
25.78586995359574,33.61586541873568
25.57936299835678,33.549431880453405
25.391636883891856,33.20328640903635
25.50897981985538,33.1686586353957
25.718726199672695,33.12139323642335
25.489726237982325,33.51370767265638
25.367175956526197,33.504696717583634
25.75198002560095,32.898543639971095
25.49997759937319,33.4352444879691
25.76346293019862,33.42346166054414
26.13624765620495,33.617195937597465
25.729850089554755,32.99109823671515
25.395674843067958,33.14616115753366
25.848794874226247,33.03582167924884
25.389288256610772,33.55731945436112
25.1287898723644,33.51613123461464
26.002214120118282,33.19375242667172
25.95417007350475,33.80948357513782
25.884315396112058,33.43460154738087
25.815083806241763,33.34254869105943
25.527710539865307,33.16385361177359
25.868913682954904,33.41769400365637
25.847076555530144,32.9247264828813
25.712889647136368,33.92309650922639
25.24376217578582,32.339423777315375
25.66257056083537,32.816887417353946
26.11628130377886,33.484888438443086
25.583072072206697,33.49452140045859
25.477440664741284,33.18910126618535
25.74880994604059,33.484175210792046
25.776776975531362,32.92006581824953
26.025125733475953,33.53310805027111
25.410456410871774,33.10616692392813
25.530238305040495,33.22701040377099
25.585778241016236,33.186402879017926
25.457477926041726,33.66219956489548
25.660384460620232,32.98483598213058
25.854525312830962,33.3242300842419
25.982086164220842,33.026568926445464
25.419304947829716,32.449556701772664
24.740641291334068,32.702348522146906
26.00904024756621,33.579883150292815
25.89848136270851,33.73250165071251
25.375960724405836,32.866610398771165
25.942714016856268,33.61268908966417
25.082243991722628,33.182642529123974
25.69431438240453,32.9307792903908
25.732474932445907,33.30360754354227
25.78817661958088,33.646137993239975
25.778062209106196,33.453591083986105
25.690535496056004,33.864491237123076
25.45429623478268,33.30727702612158
25.3644262290563,33.279897987336504
25.87322833680453,33.50852057184561
25.119730953813537,33.02367767547882
25.477296385443715,33.45196878058281
25.825036401925455,33.404285168371814
25.69279042684173,33.684289297617795
25.68107067138537,33.15889513367609
25.796297274233602,33.90122438947088
25.929006844490306,32.92724813254168
25.644550804258213,32.95747375506933
25.394667945216476,33.352885160792674
25.144723379511017,33.032046672139224
25.61131314651786,33.34637945101493
25.99754208708124,33.629805649850994
25.952793711042005,33.27246689250666
25.753739184723393,33.70042132156169
25.82049969628053,33.481403599428404
25.172472700271527,33.09426011443929
25.690828441030252,33.59757424125913
25.588533778719725,33.356543493593925
25.492892535201392,33.49797821048986
25.403057153115096,32.33876715259407
25.47930840352728,33.11452523380376
25.883216946568066,33.47797531812955
25.583024839187182,33.35295097769951
25.671909617847056,32.91112398488115
26.09395276908692,32.87327628355175
25.90249419357882,32.967876677635886
25.408228177003203,33.425807676473795
25.42849790720162,32.83038394802775
25.83390591032309,33.48822203788961
25.38897984519087,33.35021808165877
25.964469993611896,33.49794512918957
25.8137803386432,33.12967701621527
25.694544060241906,33.65751339455927
25.650890832633596,33.609594273025266
25.59125576325684,33.49086075562933
25.048881215757795,33.25005627009589
25.985285476086414,33.01334590948274
25.889363886897264,32.87321798302862
26.248812410674702,33.6346032143793
25.71344492172434,33.03852185928793
25.75655604595953,33.05006636539738
25.878395587570505,33.03371168148064
25.813308864032813,34.06502017094275
25.688612562183934,33.31684218912583
25.693528498956372,33.044855740977866
25.622160347535427,33.16401815916847
25.87204017603291,33.58771491615456
25.679490352488028,33.69418319015542
25.468509886877168,33.30419434441271
25.856614741474466,32.93668402543861
25.776210874522036,33.061761559451064
25.73961906191269,33.23398995291176
25.59750087982975,33.207935871521705
25.898079236794853,33.45354285931895
25.691977799546542,33.29247898583271
25.532654245015554,33.63123713294581
25.549412862950383,33.24941931420627
25.300661891486065,33.59490060338576
25.628727393639842,33.12037943628858
25.426863165494535,33.03905940783995
25.76387754799867,33.175474229275
26.11108255310877,33.937570169712984
25.766023785923114,33.65959014008767
25.465543623466214,33.1705229980565
26.15748411953913,33.28641517327116
25.7664578272524,33.434787282452106
25.5305172939018,33.164851527947874
25.440568368066888,33.44485445508859
25.974932254215386,33.43149145927325
26.000819089153854,32.98510814507877
25.683855652197316,33.376742738597834
25.592024571924874,33.27019939407883
25.63154617986407,33.41353373216805
25.698622199998894,33.204686856865905
25.5963047644569,33.2884953653853
26.027458061121365,32.808934941284846
25.52800990368588,33.0416484065385
25.894879365962584,33.54597368544895
25.770185845438945,33.33212541629143
25.953554946727163,33.83316096645064
25.570327586706266,33.18147334487942
25.707437843973743,33.117455960726986
25.693413221026386,32.96431356079637
25.76531862580619,33.589042395310386
25.5550560290901,32.8378719566078
25.07096177538628,32.90475900682921
25.566095810391957,32.95522694477449
25.502946141827604,33.39387543393976
25.31581486515885,33.4960513841492
25.852742076537083,33.547522341042765
25.28380114159463,33.032776448423284
25.9007134289461,33.69668029266116
25.56072542521109,33.07705589112897
25.99729299026236,33.043730096604186
25.39785180688645,33.712667558100094
25.786187430231976,33.60643076601898
25.64487691358226,33.1627537054332
25.67655825345467,33.883045402422155
26.021989500431292,33.05116706187674
25.84035265936992,33.23527017653661
25.840903683314767,32.6157651039716
25.333146372105578,32.9784794918992
25.429603840481334,33.34655480134653
25.269245357639956,33.172774854542766
24.993122076751092,32.78463462924127
25.722983918644864,32.724005136768334
25.62789400508739,32.47716158659098
25.476092634370882,33.364484770424895
25.310131014226876,33.268580503816246
25.546648973890544,33.31958635746919
25.683829981952695,33.22176863804499
26.269648206371702,33.94724168487063
25.43906998178428,33.37247161522877
25.461619111783634,32.80470486108144
25.625780500510515,33.2816095695551
25.33561488047258,33.52147915116391
25.833394944556286,33.40498784266639
26.29103499937137,34.343254728694724
25.61752482732551,33.77593860294298
25.470806506552044,33.032642418972294
25.996017237106905,33.55154450451493
25.46568580482794,33.48205715773738
25.739343417682676,33.80126915253032
25.817637882502517,33.393613093135365
25.63109498536898,33.6826544243775
26.210548392537184,34.071535923496285
25.613361759203368,33.43252267872293
25.049750109432146,32.706446924742345
25.414218891665097,33.05127312157121
25.500051513115054,32.45587642226934
25.407987617977266,33.39663846682373
25.480241838121955,33.26690683477932
25.42092273758518,33.17020344289941
25.849173227388896,32.87293803197777
25.92812163761475,32.69589490072279
25.409011189080434,33.123465976445445
25.46273880155546,33.61398046103003
25.640179745294994,33.5275587288079
25.822948607900052,33.120100789608536
25.721063844599204,32.96251808540862
25.721591593805382,33.11271889339432
25.277709826562372,33.69499441868977
25.98173078382475,34.02812060503064
25.225884118202792,33.46529454567103
25.322059845666132,33.277466804230464
25.898786246259473,33.266043984609226
25.2953341592961,32.80156810857287
25.675672261258214,32.82795963462273
25.727800297640144,33.51817642932333
24.85938946718545,33.43392493416273
25.466736733758882,33.34648146376431
25.135440409167014,33.042417900784244
25.501772791399382,33.22319387727236
26.26585594149591,34.238220271616214
25.503662342872616,33.562865735488565
25.293915924271328,32.94515143854406
25.377624018854423,32.91806969579968
25.925715806130935,33.64313329498688
25.353103272273398,33.57281728212231
25.6201049933422,33.60545509446233
25.805559250099822,32.633128641855244
25.653593733712217,33.673879036242965
25.919287378107285,33.72418169820839
25.406940480668652,33.30143566936114
25.39338250311905,33.06519018878371
25.671680244181474,33.25053411106144
25.74881654484826,33.43428066435815
25.67425352090775,32.80236689121908
25.762298418244725,33.16071256445206
26.372373589053268,33.676505618197496
25.506804505998705,32.95768825745949
25.733850729865573,33.45421273690933
25.58090378122625,33.37522893371374
25.87775150190023,33.52197704368528
25.355320557677082,33.22534539492945
25.8616965361516,33.4153237889611
25.617207373887478,33.30320375207768
25.485902378199437,33.68143781194368
25.55033676681776,33.25484589985539
25.35681681091171,33.16024518722994
25.85233369830243,33.38865649577173
25.580574234529994,33.360657968956964
25.547502041111354,32.939895967393575
25.508378497052178,33.581613961222054
25.612180705410978,33.00032874538216
25.20896182197607,33.00205335626177
25.560512850604855,33.058981892838055
25.521719665271995,32.98540924270103
24.60384867568606,32.732622872009934
25.73804448661713,33.43637784556704
25.883813726163726,32.8339595321935
25.41124642460801,33.1748715220703
25.790050641372453,33.18745226080441
25.70712985733904,33.6319566682622
25.720629861209414,33.4140107579217
25.648030003387408,33.60372634143496
26.03222662921144,33.376698495849986
25.925269233759952,32.96204644201413
25.502606103742355,33.05855798373202
25.79577281482016,33.76978611967919
25.356314976891106,33.18718148359984
26.095921401617375,33.01473004557288
26.003219347648052,33.18484144772774
25.916695053808738,33.71711152176353
25.316555247907406,33.166812873484396
25.666448824598177,33.60371696781105
25.711429197620316,33.0446674483783
25.640237742564032,33.78624667848141
25.471398641048964,33.39005473139877
25.843129024199104,33.53838142209227
25.249200628086864,32.92919976101639
25.106387063164505,33.05136560348634
25.747837240370256,32.40493942067962
25.93751760866431,33.950830539244606
25.98919047669072,33.32683263323029
25.520223135728628,33.54134512192277
24.81097679340083,32.92630172031811
26.011403194083613,33.46523106535284
25.565733295868803,33.42333840270936
26.04146077501984,33.8532680749936
25.828257084662994,33.56685015039377
25.562867107715274,33.72128454120802
25.850178997817757,33.70326462137627
25.865788198304255,33.62057415377651
25.69321696026365,33.28924315608815
26.18076645457036,32.90177945997106
25.50983199294225,32.89614669633437
25.677257057029422,33.0439835428418
25.151572804029477,33.285868719709235
25.513740932188593,33.01272440018772
26.13667469475141,33.8189433244589
25.564741357668527,33.39251194165684
25.486327512588826,33.48887887373857
25.632868988213623,33.452489299031036
25.61905513851315,33.947642163248744
25.631800651936917,33.4652076062117
26.081889618566752,33.64873637622672
25.538200957236416,33.80953063804644
25.745109828212055,33.20541423552769
25.762732168294477,33.66857229117315
25.349651680855334,33.56876837113356
25.58198002194032,33.26427431624674
25.507856525883223,32.65734933721212
25.555188636977235,33.327207007239565
25.14139829636686,32.93530047006377
25.946164786285358,33.57343971335255
25.73043867103653,33.292941441858524
25.822182918909693,33.47631860157983
25.690278105560225,33.01289761647309
25.908871456787374,33.527504337475094
25.55939428757046,33.23038252900752
25.449233336356333,33.06179114241069
25.531160297050214,33.58683361764516
25.085918066846133,33.04556129349866
25.754322785713487,33.46742332173888
25.545491177390836,33.448416575099515
25.34895914084182,32.81236635060493
25.435733332722517,33.91175746206242
25.903673299352686,33.786921739532666
25.690147659625957,32.9464122942952
25.303443074977636,33.27468139878611
25.772501182239758,32.8342697340937
26.33665855663006,33.5453205493931
25.59410308595874,33.497622795859066
25.369086218799865,32.95093907571038
25.8504348122844,32.83886039911604
25.21233792025924,33.18062852330233
25.274225531325236,33.60715330633683
25.745083531876602,33.24575119022642
25.780214170727593,33.29569021453284
25.29898953314358,33.25940647633102
25.66162162093046,32.95866723357433
26.19684147136488,33.741441347302
25.400460702165116,33.37784149157796
25.23414913457715,32.75239265563476
25.60201089423201,33.001762533258734
25.61840873195541,32.842100670700944
25.924082672589616,33.53506103911566
25.446815889515054,33.55679485319792
25.90597021946423,33.1256040497066
25.776410740947764,33.59214173578293
25.949125961523645,33.070866828601254
25.550816180353177,33.56238922608806
25.94331359193825,33.38405210688966
25.760667697281875,33.57564418903291
25.78976920287375,33.334584035112805
25.48298929111633,33.45259434996767
26.019591649309284,33.3493805865878
25.203448559828274,33.388450835121446
25.591056571875214,33.18736604685045
25.982281633929517,33.48733079871796
25.446787134590636,33.27295886207471
25.709895033908733,33.112375416931194
25.112735223728013,33.34040064900632
25.36892752760648,33.085608831907344
25.826408252496933,33.31261774370818
25.889471774358874,33.3818806458231
25.39021194270174,32.63312529413107
25.631317975829703,33.573989907906046
25.009326324147207,33.20704534725164
25.029843515039033,33.006561251641365
25.589077512606053,33.73981295105465
25.38520319126718,32.79751808443453
25.846723235004063,33.69626783580124
25.711925098026178,33.79340434713761
25.810048412002676,33.535835408503345
25.626236686613375,33.3903651050732
25.32274426232261,32.84585112899937
25.345878689235526,33.28465356917216
25.706784263493613,33.34735351853986
26.034216806408587,34.166039047867315
25.367147396095767,33.35023107665948
25.39638175790476,32.880726626584504
25.06805811748445,32.95159288775149
25.354967451681333,32.759100847400376
25.576403250936508,33.0847461418731
25.28332297263559,33.18103571976959
25.813162528835115,33.61908214497642
25.619143514256145,33.55322949747082
25.584391514486267,33.60906993555875
25.763177709008815,33.225488791363055
26.170541867176702,34.173471431203595
26.04843797142029,33.72429700470625
25.57574142673629,32.821209121150545
25.40489503467686,32.913792500515626
25.645370461797302,33.54943870725385
25.81021049780678,33.55685650229043
25.569638018911697,32.552851353458124
25.73882146933664,33.16855851540994
25.698820516081422,32.80492622238601
25.872238716854596,33.16358257231485
25.202275767870617,32.93402152797233
25.83463558356116,33.43867897663207
25.69666522420194,33.31835049797474
25.62922452158634,33.59159507338411
25.260912597845923,33.71529469166275
25.59515181722404,33.38276989135505
25.27342412809363,33.09807514224281
25.163831199372524,33.293058664179135
25.711834372691808,33.22393481395978
25.347084053690793,32.74115690076291
25.459791701660468,33.61523417195361
25.656241803199016,33.18246775456845
25.715641741709206,33.30473045908534
25.80550129331138,33.018628990515815
25.448085056665235,33.37314933935955
25.277021888197062,33.021781857259924
25.81239922459548,33.79822184810364
25.83912142694505,33.77312574629594
25.120238460022403,33.1886852419213
25.448256847555903,32.72359883492373
25.409605422796105,32.857018671295656
26.10571971452024,33.78078921238873
25.918472180704217,33.923036444441664
25.390295938016273,33.38706236150572
25.221386360619164,32.96039330882547
25.55578004212505,33.268921109155016
26.024415828007232,33.2137951843914
25.57578109079914,33.39999759518323
25.61319975122959,33.275962322873646
25.339309936406952,33.07297975641336
25.642423558422482,33.24057365761975
26.08773590962076,34.25324313452785
25.63288316630331,33.750598507761715
25.67054206282351,32.867520729809584
25.81450984269215,33.50473226802867
25.36866040716007,33.375628135083254
25.821362122748095,33.4548185190983
25.875541993061617,33.289038680377274
25.77142424872363,33.852464457842956
25.65131227423368,33.74452902369591
26.030558226282405,32.9788118531072
25.681068117832353,32.657558754240306
25.579843644095057,32.91119553760736
25.57064387565392,33.686453086977224
25.59743571261187,33.25196316848957
25.769873807988382,33.75849819042101
25.746790879722777,33.318084359697764
25.729983466398615,33.361305058835526
26.056633467968382,33.41167311169286
25.906402709537968,33.768786985205246
25.574855141795155,33.466848129132806
25.457542224232427,33.07057715379036
25.64620195632401,32.99672025466607
25.961604391487242,33.70876968875692
25.03005748060778,32.78457947339079
25.71365828028298,33.210715620894845
25.84180554608372,33.839402001013994
25.8330211691625,33.976342090933585
26.280317563818986,33.370281651783216
25.76884145778627,33.33497584058568
25.716535918017318,32.60969736325471
25.070480519540475,32.73448579257243
25.88438413025163,33.22177284700522
25.66632690318969,33.58451683684699
25.956550636304907,33.46244900492612
25.749511840120796,33.63886677850523
25.476008729403596,32.4999973635912
25.98376830812074,33.35873676577608
25.725582458482883,32.50997203095831
25.32848516965163,33.06893902181036
25.693137932490217,33.75539587133954
25.740339076761213,33.6727211585123
26.162838175784874,33.64175180854147
25.58399128525314,33.28395846565573
26.089962180630547,33.729037397610924
26.115768724931332,33.57658597030292
25.562474614888803,33.53822299016285
25.734519318525397,33.38585223172802
25.653505919568378,32.746040464970406
25.640939877887117,32.52947863588106
24.882422154493636,32.65387032008702
25.38221609627388,33.28072275149446
26.175420823103348,33.27832764568725
25.42098091129864,32.96349795036164
25.206226282740353,32.97120451107441
25.25937771032707,33.27155593360964
25.707876483766476,33.73503774419361
25.44031515999432,32.855955350997455
25.201497149708505,32.95344236794892
25.843851196693727,32.60385318285466
25.461105735693632,32.80979775038594
25.573184123244882,33.82762139953845
26.206556431372494,33.153120493515466
25.658666954550036,32.71206136146445
25.824415269020495,33.29704885410245
25.755290972225065,33.613327210836104
25.47278436350912,32.80660952145794
25.570252479331412,32.963826296133405
25.944305580473312,32.990971478499326
25.821569886488753,33.692926522784965
25.540439044363026,32.74406091712664
25.86692255207947,33.614514053146614
26.23939002633765,32.82843947759488
25.39444989750259,33.41684177082283
25.961127310991507,33.41567847800159
25.925210974076258,33.80019274759273
25.23801014302156,33.56009238423944
25.44337211501374,32.71409464696007
25.484662026507586,33.32054551582361
25.363916835943126,33.00749885867391
25.58325149246755,32.79727195140233
25.604360945315772,32.827157473136204
25.378968240643214,32.67326917343001
25.377411488933504,33.784508090406405
25.458435054579375,32.811242856190134
26.098325172114794,33.51372461993375
25.804800086104418,33.237883506690466
25.380699607766438,33.73946839943418
25.391758686683293,33.54895647903949
25.979521373698688,33.19762452365896
25.61325848912443,33.251062427749424
25.461451641666144,33.28546127865637
25.22920521030845,33.521653778338
25.373341240775208,32.75971437504365
26.084841875174362,33.7719111299348
25.82053595382651,33.38302984216746
25.74123708106161,33.336460632675426
25.53071871825888,33.261134170245704
25.89679233919807,33.86716285624534
25.481604347776578,33.77760947240469
25.687542309620394,33.11582279015268
25.264644625179283,33.116114311580134
24.572098982027796,32.98249209634359
26.338847299373832,34.07961708183318
25.74224359777827,33.1217238977555
25.83223081920738,33.12105687226361
25.404880750340112,33.31643390717091
25.93681205966333,33.06828776227674
25.848032755818434,33.597326299642916
25.325983432800076,33.04258275991603
25.79775196228259,33.49780785280551
25.72050016641706,33.878523019649116
25.514376614209286,33.10372197190317
25.550466403780987,33.804886779718714
25.795800102371935,33.80273979065261
25.41120156293988,33.354851234158694
25.55329160034547,33.00974173594645
25.925770718519228,33.42280769870599
25.88231554323138,33.87589971857035
25.696450831418076,33.152003698153536
24.976888637543233,33.16726235609926
25.564654230691193,33.005719168461496
25.834446505825316,33.485043659880795
26.231230152785987,33.74632548515483
25.84591229682738,33.04250765592688
25.611053566131165,33.598294606590684
25.11326329310406,33.41337776219107
25.74931424486327,33.280116192232306
25.507697996206943,33.10903160075587
25.74025488437934,32.972596880268405
26.148690677710462,33.54686006074471
25.361686984343606,32.96528849677301
25.530214681097597,33.79920552148487
25.65510213922887,32.611595992982096
25.621026378822418,32.891982629201
25.313244609315735,32.814782586549946
25.610239599273527,33.91552630085463
25.78187877099408,33.587857580495466
25.678771041335125,33.38912058545255
25.775222793621918,33.32674409757583
26.095796264007994,33.78227282039949
25.26207998700091,33.530075824918455
25.87720413923433,33.52520313869464
25.487532958858857,33.6698055834892
25.941027566718084,33.66267307655206
25.11590852647516,32.83308016414029
25.936501758285726,33.217007627705016
25.516397197949896,33.022555571468104
25.605509651252557,33.07196462585374
25.556681789615748,33.21679429174209
25.501100515782085,32.889232967789326
25.390092086539973,33.39911834540185
25.85289932015558,34.1802300485586
25.552739047493077,33.424970172157494
25.493418625621374,32.6002724944661
25.516845591137628,33.688754958900034
25.19402895931891,33.21334555261912
25.359862100845884,33.2609460813736
25.861049350364837,34.08628112896607
25.123739066816285,32.61814771437322
25.78110374637638,33.22099374534338
25.63358332802664,33.12634488017175
26.05269981259345,33.37942953508426
25.658860490792545,33.29955063892156
25.729661071143177,33.73904864944982
25.594099295930597,33.467967923932264
25.630519001892058,33.89500812170392
25.16643003696612,32.958174670006656
25.70189193128687,33.79905721532151
25.58968027288249,33.41521640747008
25.61691298587568,33.57335980339584
25.142917505346663,33.29245417079665
25.393728308508898,32.794227641091574
25.621993447122165,33.47821294788335
25.39691654873282,33.101834645364136
25.88171106694984,33.39295980700323
25.439531862373624,33.40396757468638
25.62385211856807,33.44031156843562
25.34526389493606,32.72970700989077
25.774524062578138,33.42162315033079
25.436671452491172,33.33518725622595
25.398362290032996,33.24597380108432
25.925252417616704,33.41884947667021
25.64364688365104,33.236793760814834
25.613324468530145,33.232283761566094
25.162427121810264,33.087187238298604
25.093480082302165,33.358622542066804
25.471093499144057,33.608014481768095
25.37617327354912,33.523247778433934
26.17399524474998,34.03389407693847
25.933610797724977,32.951889923280916
25.62308668758763,33.24620173852813
25.662208440350096,32.42466347818316
25.5420834618384,33.43237918860802
25.719788322587974,32.903860276688285
25.698339287525325,33.592824236655815
25.50493806045972,33.16538601695654
25.95846012519643,33.32993431937049
25.666607124342406,33.43338664319402
25.969008132868858,33.56127970189846
25.779267705122376,33.254272363661656
26.055260504583586,34.072401774354184
25.756563634452643,33.882228910323505
25.458028234260276,33.22042326626163
24.792271407419445,33.11705435323729
25.94663806695684,33.46836789580061
25.857424765309535,33.38780621487856
25.608758409368924,33.06382414380098
25.349597783197286,32.98432142101843
25.540439281165966,33.017067530273316
25.75659847281439,33.73811308324621
25.528438272742292,33.20565776760611
25.68154595408074,33.51976048917095
25.471628919479066,33.08114416113115
25.623476513627963,32.832968396716076
26.068555046648047,33.63664751930992
25.653705834292776,33.18293876682379
25.471909560013522,33.884296339219425
25.03037054116632,32.70327415734383
26.121145377629258,33.425299419527555
25.94977809185135,33.13416481425187
25.53742152747951,33.542866482038264
25.38183624798961,33.23058482615604
25.36842491326205,33.239861865603686
25.71536800766817,32.95976781073909
25.199552621083257,33.056284480152264
25.767845639716384,33.28352498995421
25.34118292968519,33.12210658330574
25.92270757439987,33.70026099408646
25.487872270956444,32.839958145584305
25.849848826593053,33.84183670659721
25.600266273817358,32.99228440141268
25.123775397448927,33.60013462229037
25.46345594187626,33.05211711960007
25.94673946900677,33.19957018455377
25.94912066337897,33.34253714615813
25.557310565736348,33.254008498709794
25.549257793396357,33.24247018521455
25.52373919069629,32.96027652484533
26.005159126031863,33.071055809673375
25.0986082600157,32.816150481917234
25.85405510651125,32.70504788472857
25.49320089040123,33.69104597392004
25.520978177837762,32.47215364249028
25.42291146419379,33.3723366291614
25.923622665575753,33.50679565990007
25.808854754750367,33.297086426622606
25.22695293339312,32.85712428229406
25.265871565636708,33.17768263229699
25.278109827202144,33.030711800078564
25.355259729022766,33.299335776968476
25.82021935031257,33.59605782523107
25.425355068064015,33.62823453256243
25.703478784521288,32.89676197701422
25.336036984364952,33.19635674483201
25.65686359241573,33.60691400698157
25.76901481478817,33.468038348350504
25.995077371327994,32.877775068668996
25.498366746415922,32.88598380815468
25.885218605177172,32.98235225011819
26.095426149747873,33.50237004800967
26.05044568995211,33.639945686960374
25.725858721343457,33.22112178495828
25.85996786894816,33.29084581574884
25.98414504517607,33.14207371280307
25.422673721010376,32.99092687144415
25.844349573142704,33.32719122705369
25.71191912808795,33.21834327403505
25.493796507516223,32.964951490463214
25.669681067637512,33.25697207921537
25.4280771958886,33.29496861912314
25.393462628390857,33.42994648248183
25.833598430620135,33.347157481386226
25.63327450717094,33.35527200010878
26.011025565015007,33.3798341777331
25.544518459811652,33.98312026113604
26.12942619414826,33.057116080936936
25.800117954275287,32.82549783495529
26.015875471523312,33.46864246742275
25.79963646450591,33.85645200480632
25.419928174506886,33.08357891616125
25.65233686826659,33.42918413986637
25.955434391951556,32.93296707967541
25.068307253345086,32.899387411138804
25.31071828508412,33.33128354695534
25.55119803591247,33.27611404896105
25.678565292434204,33.16555044995653
25.13026940955082,33.258666698146
25.585419703059298,33.3300902545596
25.867720883000324,33.47748528210511
25.48536624669358,33.116605554846544
25.938324782655236,32.58647056530448
25.507085714807147,33.350282315476456
25.438684487025366,33.19333227041963
25.585247153892325,33.39845592137864
25.58641283504379,33.343873009216416
25.431683439912135,32.80314523941789
26.231348580481562,33.985947598008224
25.949372418966938,33.99364846565602
25.762426201304407,32.25777301047372
25.886451084548263,33.19447773352994
25.69792290725568,33.27254679661651
25.53024147912984,32.96532222157678
25.980528606500553,33.71420026409472
26.121413258127,33.92625567785583
26.228570924917975,34.25357034746248
25.8702792868612,32.970517526138664
25.785582189592446,33.15592100696202
25.459571928632553,32.83783254528938
25.70082804837586,33.29984620641649
25.47503954924325,33.354078190446856
25.392216018771386,33.084137112117816
25.450311788848914,33.313452806548575
25.742754423940372,33.06112666597365
25.69484155492342,33.46084388577868
25.06637009470671,33.2543370279591
25.89364571471342,33.09430342410964
25.769664310552635,33.197908644260025
26.44393205985137,33.51234637105017
26.233405954567544,33.63959284175422
25.471597476279605,33.26541721959823
25.827688643946104,33.60970980776948
26.0991733847655,33.27923779365426
25.794215621953832,33.0959566547728
25.78147155913765,33.38293496278228
25.574555165221863,33.46561167084508
25.07143746870537,33.331104780498215
26.007782167584804,33.58876653264363
25.36444936024178,32.816056424373066
25.926611787170884,33.30684909771448
25.48000619685674,33.31553323802238
25.393184780157814,33.22418737314272
26.0123430515916,33.57441794225535
25.504524285087477,33.32236431993781
25.501662523296297,32.74108261924175
25.88790010905855,33.75253166462368
25.923661771179386,33.74869545181701
26.092745460867718,33.87885013656118
25.484875923987914,33.35293168639105
25.85327676133788,33.607719030967004
25.733625015933683,33.49738093677957
25.80654840658821,33.67097631365142
25.71668933120654,33.75396123592218
26.197474689065047,33.76074684866664
25.60581219433814,32.88813128872242
25.821236974252308,33.64598554252863
25.4306390605861,33.17807572637581
25.4888374337908,33.52977939417096
25.907973381429084,33.405200703165534
25.973516120359243,33.29731184074648
25.53719202874303,32.89449621661996
25.78850541262939,33.41472027130908
25.89735874476942,33.451270420033026
25.58128175299766,33.33015711292979
25.730750131739974,33.99003629103537
25.61278236857975,33.25096683961475
25.888579680568398,34.07193786806705
25.745243998566167,33.09252130156757
25.76055636019651,33.27475601735837
26.105325653557227,33.7215543735519
25.91592856832458,33.08124204787094
25.26216946977283,32.73053215559594
25.904985635057674,33.050686303877434
25.523346087106894,32.845144788201374
24.994827088844787,33.42556379797173
26.49271383826507,32.86649394943942
25.50270371947823,33.7688126408437
25.78927930916064,33.519928501701095
25.68032990475564,33.81768651057702
25.29410484750234,32.69364475926028
25.793637308937495,33.125385331898414
25.838816283845773,32.881196173409634
25.963635366405462,33.6328224061157
25.696540409465435,33.1798047255144
25.27460746388407,32.24680361902544
25.535344977908647,33.53183318138394
25.69003198758601,33.33172435761208
25.422411210092747,33.23661962237569
25.48772162668683,33.73724976499336
25.391723692544346,33.15617042845724
25.437186053291697,33.60571496513575
26.028186779169786,32.88584377835403
25.551959799941425,32.7708401880272
25.684142077568826,33.03713438467498
25.61973757679286,33.425307073334764
25.72569574166365,33.53401068745395
25.531688477761946,33.320086753660306
25.780081250293488,33.23110572220757
25.879489687348364,33.56126396299281
25.94336560157882,33.35708153850452
25.117373538798365,33.38493201258184
25.52790307695866,33.687157185191055
25.773153622848916,33.54871168952266
25.467327940192504,33.44561681778639
25.490831176152135,33.297892923844465
25.550661203551705,33.06101129799422
26.29213214066739,33.725199635186854
25.85830569730006,33.561775998538984
25.92222586498756,33.90890254902164
25.84254691719817,34.18670515658979
25.062064101266248,32.92022723783055
25.768366118979262,33.5283681618028
25.371268921156545,33.34462598120886
25.485494646043158,33.637173573557305
26.07678575782172,33.467929747805236
25.550781425733415,33.01184938935573
25.97265389620025,33.8531824781604
25.160438864018303,33.26252798218101
25.814304702317717,32.91349260931081
25.437017499274646,33.09223766196964
25.669117202623113,32.93644410995375
25.738842558315405,33.074472292511295
25.740017094433064,33.267534301590246
25.960531859971642,33.22346029640802
25.827889299804102,33.43617816772692
25.41150201992593,32.655074040055645
25.39878115003391,33.06035926759088
25.689537564434367,32.91707819969693
25.814442376099798,33.81588368028308
25.457635870163717,33.17313400916836
25.327389489768123,33.56628251386513
25.761288605434775,33.59886566573202
25.30091258584048,32.678161081742836
25.634966197545754,32.81414937222327
25.468491916188924,33.60854959265416
25.490308374273013,33.07471713003199
25.766934250259954,33.39510792962674
25.944536141107047,33.84330026613866
25.873710197443586,33.30838857162038
25.78296142767747,33.54339757667633
25.1974991377828,33.178121502178726
25.889091195671583,33.72636855588328
25.467365957551927,32.862555183846425
25.617775887329422,33.67122415000799
25.922808737462518,34.150422911937646
25.513168734329117,32.76423883546385
25.82436869757062,33.05625492733081
25.31022803469399,33.249669565504256
25.344412992970273,33.026684257720476
25.79696556209198,33.12502276512744
25.86860937535341,33.42347396951192
26.048658990979654,33.425492097200795
25.092556236244228,32.947910214671985
25.64553986358656,32.836838329433974
25.734262695167082,33.1860327401535
25.22192790078144,32.49709079488473
26.01082712801226,33.368732948882915
25.7622477935463,33.087855823035284
25.86911995059301,33.323385124270985
25.612730525079513,32.87825422038211
25.34561500312255,32.72013367412149
25.694229995333604,33.83427537467524
25.365032372523082,32.82515227241884
25.1054641151977,32.89444746641988
25.721301837374597,33.09719658776026
25.44597784317992,33.24904780616072
25.5744915022056,32.733905876935694
25.425402851359856,32.68276571234153
25.55578393454671,33.69646316550811
25.927580856742182,33.80766183568797
25.33342659347965,32.808419953767604
26.12472243408414,33.374348473024654
25.62166461082391,32.86712255116285
25.388380675064838,33.4516141205121
25.443480729349517,33.16358769806691
25.86985027051717,33.30541859123945
25.842126042036963,33.059614339437
25.834403144408842,33.67751353222004
25.098986490489516,33.00608087386795
25.688450904504442,33.447650151954306
25.360550296184662,33.470655513237645
25.506512441510164,33.077257263150145
26.10345826292586,33.74884492229908
25.550774755424985,32.91278965621494
25.924043678046992,33.56390910869288
25.622958491266154,33.49356311220001
26.080073243584966,32.994384233283284
25.372542087101888,33.02636275849392
25.709774249057794,32.77243046599524
25.43962396682091,33.52063576874097
25.648184407532156,33.15814514304012
25.665938789757014,33.3517730886656
25.997181998811836,33.55624514793848
25.578299105922227,33.399185158282485
25.946723672613768,33.200211995814094
25.61619332620768,32.78813731154685
25.636040271408028,33.27119361881985
25.861654464323532,33.1394397701918
26.02973480347716,33.057313286205705
25.341617045704815,33.22543681979731
25.674284428893213,32.89890006569709
25.87679514861037,34.18020338734655
25.553178839031503,33.60442753742083
25.639447703433476,33.42139067540332
26.06974659209536,33.8051515595697
25.779787850807555,32.82101845853363
25.795608729220746,33.828354892661544
25.43647985094629,32.765777346902965
25.195115213998335,33.17675764850065
25.358770671584665,32.36531016286918
25.573016556486262,33.46457695595786
25.72116411428706,33.19872626617479
25.812804048390483,33.4225901385733
26.00848878089731,33.40348181640751
25.535258101664958,33.048057617449444
25.764054590366207,33.399500278276655
25.588576882985002,33.07827880567584
25.453789585759697,33.11583844549621
25.564252221582937,32.7835532572655
25.482428692314514,33.210253505567735
25.361793514704747,33.202214344220906
25.566448651126752,33.58819380113742
25.20799436229706,33.27982739469118
25.35920970981503,33.11426706394999
25.865806422284326,33.48931896487974
24.835686236060095,33.16870573230278
25.582178301319317,32.45550673519038
25.607590124617154,33.22743436037745
25.628525072041953,33.326578116345985
25.584010089025448,33.25943563645015
26.03166159012378,33.62366778310288
25.76976573216371,33.74556780034126
25.439762230921815,33.266437857823746
25.54548071622518,32.68635367035319
25.390657945069343,33.36704588377645
25.520807684789254,33.566731689760516
26.285325540960454,33.666725893938874
25.464362100257993,33.386910562029286
26.157359931246063,33.71432550457334
25.424451385143314,33.21572680663862
25.568218826191085,33.04666483437468
25.718823362666427,33.32007825696909
25.6277596432389,32.549737734427374
25.615762471175774,32.98497201690004
25.346015201255906,33.66081727325529
25.44486955603827,33.57346246379642
25.510557454616585,33.20153353977831
26.126358742194125,32.831708725841864
25.88262039548041,33.401549091018005
25.56340163808938,33.63360185615172
25.81083942966969,33.11565706348222
25.961786192954648,33.082345200721235
25.40693485237959,33.16211132780345
25.413405632645194,33.628813563193276
25.759556337087545,33.79239716986914
26.159789926389873,33.56607923757364
25.552329782706668,33.594823747999115
25.46805737366427,33.42725426760828
25.99520725541827,33.28524762376601
25.466501846558387,33.60306113655373
25.88658725856815,33.66701116975268
25.953953214882265,33.06766172263095
25.778873196063046,33.831263084240334
25.69570644490197,33.73615189430515
25.068774589693028,33.13235568283611
25.901396274552553,33.05792065026252
25.370528500318134,33.273305314162045
25.867022842285273,33.82650914205633
25.731094789472273,33.71963205040486
25.55476236833081,33.127285238579624
25.186395931235488,33.11464277094847
25.677747165203513,33.33193053055929
25.696764817788683,33.399399551253396
26.209247059975198,34.00315881523989
25.694288432437812,32.993993150386395
25.729333392410336,33.185711218989404
26.07037356640386,33.182996531814624
25.572176944998123,33.27855384539676
25.287189973005358,33.547186249464744
24.83640903139002,32.83274048902598
25.746511760938564,33.39120622494514
25.679575116686312,33.42058773882006
25.567977305969194,32.87162022051356
25.91351810395883,33.39507058659216
25.146352228857477,33.38311576129078
25.75205273617312,33.408389118301095
25.8459531544793,33.42335347296351
26.00447230680477,32.994373847748214
25.78999548437199,33.85655693671346
25.731373151352695,33.22031670180567
25.32897865636995,33.08906427391683
25.76911339110145,33.47379002354986
25.547264768262234,33.63612924815142
25.53479795397767,33.30103705646642
25.350008493906753,33.64668370374651
25.704631919604353,33.043165077355994
25.24153802125573,32.85666172875946
25.35534972851656,33.370897068901854
25.784667080857865,33.681108880732644
25.72998281456552,33.2093486580476
25.68083607172513,33.284754126158454
24.982982537019737,32.89248887427461
25.625774721818257,33.043811923669345
26.121026562142465,33.39353691770587
25.65649952057006,33.3574598423081
26.04331968087315,33.42517573032516
26.02584503635834,33.74003057869881
25.43980300513848,33.35626072755638
25.79591636346366,33.657095673567426
26.095855178916615,33.69047085238747
25.64516940448774,33.370588447948506
25.86649503062429,33.02579113773165
26.220433349350927,33.228572024249
25.371471323496774,32.89113304748464
25.176774967960007,33.21333244407362
25.754151564846744,33.688108103205664
25.545144920767378,33.183343933493475
25.404015507588596,33.59710947540532
26.032933627212874,33.49774893379393
26.1246239731918,33.54644647032944
25.42069087229634,33.22774045548033
25.57674674269184,33.82877275464238
25.328077185352093,32.903936026464926
25.865579971265554,33.097266212561834
25.647514721285795,33.72083110624376
25.534024789574854,33.53637734553324
25.27821831171103,33.322984459613295
25.865410349538713,33.45545491563379
25.69272247667923,32.793903901675975
26.01317891044497,33.576534418706764
25.22588046066498,32.881576922054684
25.152773180253675,32.57467481615275
25.808414875863384,33.462502598622635
25.92649861632451,33.22131826835623
25.834756198427023,33.42949555151621
26.016203486079917,33.49863839613727
25.609775694966924,32.9460426976179
25.64502528077233,33.38283303379754
25.573959468105137,32.91292409504048
25.669912185934635,34.198076324331694
25.888912983351574,33.29206128159762
25.957451173956628,33.11708621792434
25.97591219342319,33.34757348281368
24.893486913842928,32.81773534067237
25.14972578994579,33.310495953379835
25.522320945535476,33.683861652119724
25.376422035286442,33.06284091021804
25.57093744249254,33.726436380660466
25.545252348035547,32.721329571157185
25.84859396472695,33.018032274104506
25.659290726205562,32.80782591888509
25.556726731313724,33.45448662998693
25.96276045812218,33.836214718651874
25.44436219130135,33.241000209745735
25.858624055181433,33.48238805258298
25.32432414592482,33.427409555355005
25.844096256490825,32.88537859144657
25.61475928468795,33.18589846421555
25.659233274619233,33.232609319632836
25.433026197067495,33.29544746524074
25.998587001315123,33.19606883306683
26.27547712492608,33.64914042248692
25.29492166356374,33.21288784436025
25.4676756587302,33.28428771710637
25.441870502398025,33.21138758131544
25.691933711917947,33.45073216731351
25.492291159439556,32.94024041757075
25.383541459834166,33.39211347421868
25.79023225822956,32.9484044846595
25.802046665848334,33.79238557397453
25.886958315743463,33.460193244240386
25.75010687300824,32.98905991685032
25.615709821212228,33.84259329330299
25.50778126243766,33.23369311800354
26.04398318381095,33.59682432419113
25.687419105758952,33.43822949679367
26.210657671813145,33.328293372290084
25.812804880085576,33.934140826522466
25.251444857245083,32.68779351485997
26.033863329815905,33.93217268368386
25.683583415153354,33.545272215799805
26.0225307223598,33.48247475140829
25.414788360064218,33.294573303305164
26.179027314548343,32.75398172350147
25.881167683759724,33.78487439976335
25.78404143992841,33.49922245527556
26.182403622820658,33.64203223210946
25.4982526245556,32.47683917902626
24.981653802811532,33.44065520740172
24.91966812035916,32.677897035005856
24.83420543535201,32.90272661040169
25.63044639773572,33.24622896013351
25.890090467867186,33.37462984487778
26.49472566712366,34.221922045998724
25.90171854147217,33.47035337252192
25.91717136173146,33.89106667853576
25.402994472451077,33.29823093046008
25.27359154437199,33.12028607767028
25.70621604900462,33.5903148682485
25.43283431230224,33.57539783178179
25.881402688176422,32.78772419361278
26.115354907429367,33.476920102168044
25.720091541369115,32.837899430537135
25.577368173447226,33.18676612777917
25.735760623088154,32.97430459891743
25.62247000327522,33.67710607736271
25.776230807772208,33.14243134670021
25.689610728630683,32.672107200693304
25.80296434664418,33.99581926141009
26.137718583945144,33.790264869995816
25.854199418362352,32.605314300653234
25.37075302465024,32.97382022015158
25.678752040729467,33.4908417405013
25.21189881604142,33.16242570906296
25.483378380147236,32.970280618401276
25.9883159633562,33.11681282121254
25.472286826132816,33.19333343684534
25.55734249854964,32.36481434560974
25.672214949813306,33.64156928089428
25.021588541608622,32.88695461216091
25.17136823960258,33.39414319278439
25.354312118958457,32.632781068818815
25.725841535452258,33.71568375793528
25.67270132960575,33.27040244512753
26.15189415511135,32.94473768624184
25.983389237676672,33.1071920303979
25.547089188196445,33.37669657988683
26.010835494448067,33.0281472148596
26.040897294877112,33.69571676714544
26.043622260945295,33.38047303255465
25.503510014563453,33.20376262361424
25.555399848380187,33.54783732268249
25.51699116424868,33.30495090648404
25.537398238919387,33.5342247443729
25.71769987011962,32.97336923767584
25.829773296809456,32.90112231506478
25.245745429472144,33.13385122729666
25.457222408975994,32.99114366431856
25.67026175254413,33.28655463802925
25.311200504984654,33.043390464136486
24.658102192132514,32.366142359444595
25.83719658913396,34.031181209303895
26.18129512193397,33.72887477131662
25.502371484406723,33.597441003872454
25.83546845191098,33.79462037104652
25.193259855061378,33.18444799323632
25.206031094554923,33.295957631307374
25.52911760296895,33.795600163868095
25.527394317268495,33.186259844318684
25.73647120316402,33.20200043608193
25.744569208786267,33.318740452691294
25.785053196928672,32.94954610753953
25.769580606588722,32.96467854605248
25.732847957082292,32.678859247224345
25.797254624903612,32.72695882173587
25.60083261984742,33.44996808093582
25.565865291354527,33.384740753716464
25.19267855539917,32.6788997462115
25.99199672837722,33.88741234046678
25.58859000076822,33.87506345269686
25.57996449004648,33.508497205526126
25.538299519194336,33.309966510201605
25.72927886833835,33.11896629224745
25.273931594431147,33.22917015963024
25.507006953423733,33.08356050870218
25.35129511396358,33.37363609989898
25.50576555586148,33.189945126493
25.75633580795089,33.22953896461283
25.498302180471526,33.08739805068446
25.432496288826275,33.2227953874355
25.865896537108082,33.60669943328398
25.66260299414788,33.073725175440146
25.66260477457934,33.46048731404491
25.798252489603435,33.06792314134695
25.6941236283733,33.29031261766983
25.92985845344022,33.581848181322286
25.93696815375402,33.33892860418334
25.904701861563638,32.760906444889805
25.999620903703978,33.42128096459044
25.040434166629673,32.80039000113595
25.474211709325836,33.10462009290752
25.38835914836705,33.74788391614599
25.97304524798422,33.93287016954357
25.60253910744924,33.40574101882592
25.144005715362947,33.11125130303112
25.838380613972483,32.505840732479676
25.546766972315808,33.5615736076913
26.09398529860795,33.74890185954071
25.449045941840733,32.662635576300524
25.816475448317455,33.23737309875639
25.776233251469918,32.967103410201204
25.82927790830769,33.18458972008351
25.714366828942754,33.638195790945936
25.7369209559933,33.25509208629863
25.536683484550796,33.200840104619935
25.84174685994848,33.37385499997211
25.64758948681784,33.27119291206604
25.95166998347417,33.71546714421013
25.860163416525772,33.59950425545838
25.4938611050159,33.005927862285276
26.213309674238104,33.33003375539006
26.225557300554488,32.56726193272075
26.55626968220332,32.84458712328557
25.972822952414024,33.78304990685341
25.310143689591577,33.73343083645729
25.522001698747452,32.74169340787123
25.72374464353093,33.53435990881347
25.773172059262716,33.259194411290906
25.7699541945714,32.529227893726784
25.78479564838581,33.544943427354546
26.22117102574386,33.33991559845604
25.793660522881048,33.23780996960602
25.770094465440753,33.1943370185913
25.849126221145053,33.228674615442934
26.10447473403948,34.09312618745788
25.166274060107465,33.013311307767836
25.8117662831075,33.99737267590392
25.572937572235045,32.86694231376524
25.640853791172905,34.00357300656903
25.21732555242339,32.643282775522955
25.945915258306343,33.056661675176386
25.435715995762898,33.17582517286993
25.745326692210803,32.77519507179552
25.82880483397984,34.01816175820342
25.583820293281356,32.93552987015293
26.235147944190118,34.21182205616564
25.587519615785137,33.70627152402124
25.314224801669216,33.1159417792009
25.517487687909128,33.25991029702943
25.86032576725648,33.595224959983184
25.677747464092548,33.327758074038755
25.981458206551356,33.783716758647856
25.353718232261297,33.23814267722886
24.954475000067678,33.00180148392995
25.73256509801805,33.13122054787511
25.377801017396607,33.240630134445524
25.368715320377845,32.69789353137361
25.43739464910653,33.178910084551646
25.813543150019495,33.89039916989565
25.559229920175035,33.315518645000516
25.497421303225895,33.33087292004507
25.89114074887405,33.515946651073975
25.651912719786473,32.9535035790179
25.347406585909965,33.619900295166126
26.115515911132395,33.87123547897048
25.745233401896,33.66184055211675
25.267121729075427,32.08882014232845
26.153196550502248,33.79348948093024
25.16834322158124,33.19260373573255
25.233283038522238,32.63999923474297
25.810458094102543,33.057226004469925
25.896273306799493,32.91926706569476
25.746234422630696,33.09586204200326
25.83607965073983,33.14211616795518
25.51852726273568,32.72807464899281
25.319368282157914,33.3368413129576
25.808081071224557,33.61529633382191
25.646915049059768,32.67549414742284
25.813098986028375,33.535302099430524
25.731563350899922,33.33376052550036
25.41377763167793,33.165961367491555
25.78204575388493,32.92606623534502
25.65891256468781,33.77522091340308
25.579274184965747,33.69436127283308
25.699470745248522,33.81260369084382
25.728639251350124,33.460669655882114
26.288736592317292,33.63938481656965
25.814756462656625,32.95667491924404
25.512051628311614,33.49790522291265
25.472084513021013,33.18532160251249
25.956007409138422,33.39229790360604
25.50524427698568,33.261866981511325
25.48266685411763,32.84111316539519
25.747420731918126,32.84832707990056
26.123687090014286,33.14780504052458
24.8685091391877,32.34879459871413
26.036637312683517,34.298867700142594
25.8628837862426,32.85979901921129
25.804176515431,33.28768064666442
25.098160306664095,33.09746759377844
25.668531826052167,33.51918548908887
25.926421120294574,33.629705424008726
25.84299402001175,33.25925177338994
25.308756662258375,33.464679880704324
25.930181174873447,33.80368160219928
25.255067752172145,33.21573113456426
25.277298021574595,33.168248360773326
25.534370925376358,33.681852663218834
25.617509378556406,33.59134048308869
25.589995504538763,32.86433076509877
25.6423752612446,33.14488107112408
25.85762153912374,33.444748745844926
25.502921218909265,33.52478008582638
25.960158308442615,33.82343230153842
25.302517524412096,33.02600515876674
25.864347861030144,33.11852790860359
25.59367075623703,33.58126169860139
25.866112137102846,33.03285716479929
25.5322478083387,33.275784166807696
25.015106146073038,33.26190472856215
25.610416617032808,33.47801614500416
25.458162129521686,33.72717542144374
25.977104409790485,32.96406319525952
25.897509301159715,33.62625265667735
25.554962035990734,33.06290760852079
25.91058200996624,33.320221925109934
25.608505087059033,33.471274362862644
25.046235279253914,33.079076544196425
25.791693013035932,33.383175160442754
25.856676114386577,33.615372221003256
25.647816995618822,33.71587129504941
25.63074175525489,33.779532356030614
25.430937471516454,33.1979612752158
26.011816799923686,33.714101856571375
25.70246860779924,33.08419927232012
26.094108308654494,33.37837996895629
25.613052219089774,33.12976875435624
25.57983579723943,32.8877348227535
26.119810508865896,33.74876798920696
25.17497543303257,32.1763867120434
25.03286609979853,32.69347301107459
25.742482107045117,33.431885138679064
25.292759168064208,33.101702587287875
25.82345116350954,33.03455812203802
25.842877162668643,33.24143461394918
25.781805710030028,32.7628412124404
25.661815604336216,33.06043871556379
25.449169692595554,33.66494582142785
25.516743498618794,33.76800016097572
25.45524566573474,33.48616080840894
25.966437316181423,32.779974277864554
25.56199871038441,32.927397551991554
25.523949814329942,32.63920702019481
25.57917998837346,33.25472789191353
25.68125708573245,32.95574254725284
25.851834970459727,33.42294452048286
25.730606799716693,33.12903474766401
25.296094064274705,33.375783305051215
25.89705635262384,33.68051541848206
25.48635051978759,32.946484872989465
25.427803650301318,33.25076025011806
25.43946099341436,32.94148424928291
25.276765087347204,33.46794247568491
25.474371348429965,33.77836812144168
25.50532656647112,32.96221815664915
25.767611414022166,33.55445113888307
25.76081679193028,33.80069488379288
25.515576615152824,33.826823591096904
25.834644957528027,33.47131016395765
25.745588977757862,33.00470890867779
24.93940328364073,32.55817734979151
25.53467670634307,32.78210677300485
25.502228308621493,33.78643267045756
25.370823004051292,33.20104291125996
25.929630204972018,33.44516580497868
25.9382744027985,33.599483483030625
25.655457410415117,32.63736763863073
25.100756842024857,33.27599464541197
25.53412818691718,33.21925281733422
25.343202293828078,33.41333904016087
25.33808215258169,32.797430060667686
26.062047717127246,33.0775756537869
25.791708705404915,33.6960449383181
25.324412886891942,33.535392660103795
25.41234878115816,33.19539798147127
25.370916449158056,33.01367627629527
25.28997798233328,32.71907536024243
25.808895022337772,33.275799632599295
25.631050016944265,33.773279366254194
25.781122597050427,33.52456630880273
25.43538801448068,33.386526951041574
25.887970327413147,32.88402810433525
25.01342461182647,33.10583507440351
25.46926956788496,33.369428868840174
25.56076934539015,33.43219057943376
25.757332458921944,33.31311737307902
26.17331458403457,33.644989383123786
25.74925321900279,33.333338550307275
25.591954021472983,33.500911617867345
25.42750910314502,33.27898673418825
26.088884911688535,33.18178293740317
25.72251659749093,32.93199452763954
25.986684812720153,33.944181259449486
25.93597948279761,33.25941327236579
25.40882865118935,32.99234445663491
25.8282427492796,33.85089371705138
25.271190017950126,33.35935389206595
26.43192990558568,33.113091257400974
25.454726706331442,33.66134758762671
25.96972199953818,33.82048386180524
25.32230445730491,33.27884455666294
25.72503682131834,33.032087727231755
25.747835219301425,32.96008562087178
25.94306188290893,33.03798587801418
25.707723919515125,33.52769148904909
25.24850456051755,32.5965154484272
25.362814056750324,32.338372619077454
25.964661486663747,32.9327575212872
25.593783490048104,33.30902531627319
25.955294105883837,33.196870654923025
25.712709482592107,33.73654855428175
25.76977547588578,33.696605482346655
25.192648177142953,33.44797172808643
25.46959533410167,33.00292510194083
25.856082346890577,32.994783855676026
26.070769403160167,33.70704455998269
25.51477380063647,33.5747879719441
25.84466313556385,33.06689926228482
25.881167689834136,33.5504230134608
25.57401322286933,33.295703293712585
25.48445686668041,33.26109268852885
25.87452067676896,33.38632281559265
25.50094005758941,33.365436738924714
25.80487894999549,32.18795603480231
25.535476294464452,33.54874078242245
25.720449692635782,33.272049428887364
25.784553523594305,33.46852196752536
25.579348058706813,33.09976022310379
25.469214024787313,32.67961547503481
25.599601708445416,33.30589747126259
25.406577928452677,33.42167416321659
25.103874940167763,33.07647017991349
25.803236004255105,33.85906085903669
25.452957152384908,33.14192641211934
25.853471937726297,33.83956045608129
25.81713930742154,33.587967849919586
26.226869104549348,33.43854603843872
25.990131004013712,33.740853188142694
25.806989876777912,32.874649662460314
26.015264338835596,33.382102074206635
26.06863783098099,33.4818524074694
25.84738220045742,33.04640005577922
25.335986231689432,33.154926762919835
25.716622007129832,33.51600464809349
25.80518535929103,33.31537744082285
25.649270991267077,33.662944967449306
25.800241739069506,33.57416980895869
25.875692250235666,33.34287996471847
25.489401838122113,33.17430190981955
25.39735392579192,33.45210472719359
25.861773612825154,33.42297187627165
25.44998446891711,33.4475947055242
25.86259969268677,32.94848531819949
25.94812031225363,33.80537637399523
25.706732818406383,33.15002982539556
25.778530256428287,33.52761921530056
25.73280831320944,32.184211167392334
25.436250715400927,33.01320159492255
25.630765721478067,33.09017810317654
25.499114200665314,32.604733572781846
25.883367477656734,33.547339826552154
25.379870893773173,33.0323033785045
25.476540422032855,33.63628756951842
25.646915564959915,32.97444589451405
25.331916208774416,32.67274957530764
25.410367090537463,33.259437885352725
25.649613222150425,33.65901595559788
24.99959462916011,33.32976381997434
25.527099848406777,32.749352803005124
25.492286442998434,33.49996654282106
25.558039436184202,33.0719670033013
26.06163111816994,33.37530890042061
25.649546829861897,33.60245054038042
25.450529633627177,33.120120270998136
25.777754752375273,33.47226805175165
25.328319808098954,33.15327471890727
25.75852537171795,33.991393856536156
25.310482019406482,33.12383119656712
25.777931137133212,33.339922947659396
25.850067068104824,33.68414597118168
25.828811158655203,33.67693163413669
25.35680837679243,33.123898659166656
25.546201601594937,33.260785648658434
25.883189299167444,33.39522308105496
26.02554262979315,33.23794077261534
25.954618654819924,32.963389386680326
25.557790336332257,33.00049941047546
25.96246351551111,33.80722402971517
26.155239142812864,33.022751586258885
25.5630812017225,32.94183726689561
25.757238644765067,33.350400095035326
25.161744890378,33.300786685676265
25.99306124955248,33.0800671487181
25.426446699376616,33.14133495019568
25.79366474362091,33.682002907341584
26.016665148432743,32.884167160968616
25.83579792317545,33.593788992257444
25.788667240742985,33.68759315288576
25.575623375728505,33.581072132078454
25.3979073518157,33.19732992035489
26.34004385838283,33.415682973879
26.27642067845872,32.66888200154883
25.661801289372697,32.5467129883424
25.759120750791343,33.03423144219238
25.646199139699263,33.23255218364567
25.671315221936354,33.581738776018916
25.763251248687148,33.133547545682966
25.68569339893979,32.99800566754967
25.613016396071124,33.35091901720809
25.649252741373097,33.641158336057934
26.227942097417802,32.68036032855668
25.620706622801162,33.15269738025134
25.241715230633275,33.010690952055064
25.917051699957447,33.54946369573662
25.79352496867224,32.83833373038991
25.591611320909372,33.3835829086873
25.997983667467718,33.47534163232914
25.51365712994437,33.15720628907958
25.87388584272128,33.46277357684546
25.38990058422227,32.93848456874106
25.79580158584925,33.34938254310292
24.8448346154869,32.8785196460959
25.838219259691463,33.289512990847406
25.768062428982017,34.02030869839248
25.520289327559883,33.44172659831221
25.896535000849624,33.76331756229182
25.4197572301249,33.02085815739803
25.700167192620277,33.603108421180714
25.338625842069206,32.95538129199003
25.70926828940606,33.347102841055616
25.793553918515915,33.33695459745393
24.895963952706506,32.5854615688127
25.2210327412911,33.13105397709042
25.74703779597169,33.47516140460309
25.96193534401249,33.690738832155496
25.570162564824262,33.175083735951944
25.611061531618454,33.40622739921287
26.117389428476915,33.637497900602916
25.386971813703,33.09843879955962
25.183307735458726,33.015480878360655
25.571225350040617,33.07954980895036
25.48430280315004,33.19090507155599
25.299076218482647,33.76102014994462
25.72306328916746,33.30243670167756
25.761703965812963,32.90078127197757
26.09147281214993,33.603623266992116
25.627722586003678,33.532212895190256
25.417446754121883,33.45405066074813
25.9917834529721,33.33114826919428
25.72743575207769,33.856654742891855
25.720398122204823,33.82894052272957
25.462911067862912,33.2111203073472
25.595410956213954,33.757333389836404
25.804975615337778,33.06139632698065
25.596760543850262,33.638299240462615
25.70576514739616,33.39255887168957
25.267101118330114,33.01832709007149
25.341867965976594,32.90466092972308
25.795998905582234,33.61426951925951
25.687181831547203,32.80777373554156
25.592825416087873,32.961073298811634
25.62837327936217,33.35579652197358
25.982806584797054,33.23155286111791
25.401893453644217,33.26265261652973
26.14116340682318,34.23885321896499
25.649076419258417,34.01740748807279
25.74165678430564,33.30991761666991
25.597737233468678,33.63822864327357
25.606367341525587,33.1013589830778
25.551873705242272,33.59388858350673
26.166025452433416,33.438433296124344
25.637370100586867,32.495926043404985
25.58227282127023,33.0572714958278
26.366132113068367,34.04952547944789
25.94630805575817,33.67919903329744
25.653580527288888,33.3606974516051
25.83540715775763,33.322575399537975
25.900712908799647,33.695692387463225
25.784029100067208,32.988811658678586
25.50921453094888,33.18019492646031
25.73004187763857,32.993768282714804
25.827578566708272,33.4864985522705
25.565872268817728,33.092967992092746
25.709020345088295,33.51971716034233
25.715671520508565,32.5328584086601
25.772314482016803,33.2911122755808
25.142010018521248,33.292444750307276
25.479088188717764,32.791171416509755
25.28784396231803,33.397163706940034
25.965066946765496,33.399511029096516
25.074865923620017,33.077545967571304
26.27963406013839,33.04542743744725
25.82190572299555,33.1846728918066
25.80244875079418,33.47637801380657
25.268747662095013,33.003073291278625
25.68285283820132,33.70350343375632
25.702994884110655,32.977907292840776
25.61307928924547,32.76532062250086
26.17023666536065,32.8689074133798
25.469412934481216,33.294379392032326
25.872135361492493,33.51823619966708
25.73961049431393,33.05425720290373
26.07497658670514,33.530002579511766
25.54391708134002,32.877669669314244
25.55432928186814,33.48805246968265
25.784680814267,32.802299456160405
25.07005752580341,32.99515718862867
26.074848001361758,33.08045667069671
25.800753269954487,33.26547581038373
25.52636197538232,33.199614092710775
25.857293853864494,33.28418354798866
25.499660025813522,33.37068436712142
25.834005855561173,33.130188201657056
25.682733946166596,33.26203712797715
25.485807760904255,33.241893117903274
25.47004266671726,33.56827917353134
25.554026161942083,32.83793881802807
25.75396683715019,33.64081624008738
25.636326646508493,33.14851574353067
25.568461966884538,33.7459061969792
25.33138362073625,33.16827315595587
25.57922768911878,33.56689617915177
25.96917740541651,33.373410339839644
25.313399325071817,33.09173976729511
25.66692268707564,32.8963112861289
26.173600328173244,32.48435350330487
25.537756519151966,33.03786567490252
25.641549120774705,32.789011882686616
25.348802300860353,33.00447416657053
25.35059567526367,32.44726336211347
26.42200288730058,33.46512376246457
25.498000143214853,33.42992673002387
25.352733799359243,33.28419568499193
25.839113601420674,32.83646001187267
25.320614025852436,33.01107175876852
25.40815223701849,32.84397069586188
25.811089193029936,33.47687835922371
25.15752861229145,33.38179113664137
25.843810086797603,33.837202661656804
25.969850848647205,33.69666753958075
25.845475508579998,33.32184151944599
25.958515089092725,33.95883220079556
25.679693470376424,32.78252540842849
25.379553456752138,33.665526301136694
25.881328047110657,33.289415803041315
25.91781950035878,33.53725101407207
25.678720156429115,33.55105096627826
26.012087378015273,33.14687852877823
25.350080891378717,33.55680705272934
26.104727090552554,33.455635184977005
25.382517284495428,33.06307832763667
26.11995255502437,33.45959867774126
25.712373313426284,33.550585860911944
25.767246752718076,33.450012780080606
25.824066672576546,33.54899972682972
25.561107335808504,32.24122330391469
25.81383534091826,33.32193411950735
25.0535760463678,33.0496382202669
25.56625124397938,33.29358082972855
25.653120886832667,33.32944728093965
26.07845200221199,33.015713840789495
25.811552590405114,33.21133396735749
25.289411289529813,33.32717982093558
25.580993015967927,33.19774210400882
25.808441474480517,33.798305633775755
26.08866024858668,33.287293104998895
26.0773348515375,33.75706613808313
25.588936710892078,33.16528862080461
25.620591742590754,33.269245348346026
25.656914637510603,33.43893536790319
25.339725225041104,33.01649997796222
24.8022083644703,32.89370154412792
25.95140582856497,33.88881447818355
25.40041818040324,32.92741479021575
25.269198794562143,33.368963971520614
25.011584154492624,33.25027130578083
25.989329684031645,32.85115102927278
25.75495979544472,33.504078771964
25.186541339648457,32.81754883049735
25.423745289926387,33.478123152660864
25.771411318530156,34.01323953055469
25.434300057716655,33.07634655266595
25.76078833883153,33.28039172345021
25.745189898770725,33.387410026920975
25.50178157487456,33.158103308205526
25.742460032904084,33.20005754962901
25.789676285481143,33.36216065690401
25.584185106214132,32.81156363501937
25.756867401004847,33.60481969365683
26.02971376651187,33.5529662171978
25.627171908717216,33.35834080439762
25.479604647171026,33.12710386817382
25.89458042455721,33.44592684967361
25.298620482658684,33.10249237100752
25.31768941486327,33.299024970525124
25.90742988013162,32.94529370007498
25.590469119991504,33.2367970084132
25.5785052003324,33.298750405702435
25.98409311908856,32.3832511079477
25.490712932403433,33.298972037765196
25.956921379692,33.48496157458305
25.683457889210327,33.343501539050344
25.428389891132447,33.384257638921
25.38768997461759,33.04522865250415
26.017861959744483,32.922170331866425
26.19023281406544,33.942180493148676
25.523795543925843,33.48232687864571
25.45024739402068,33.348420714535926
25.455779276957152,32.903337459203655
26.09272516445306,33.483656705056234
25.509556948829857,33.314685212618336
25.536390765214023,33.21360986755178
25.502948420998667,33.499011144155126
25.427587630858163,33.23469378907006
25.185610912601017,32.75906158438475
25.84177787002148,33.745434383837
25.693403642174225,33.145901510453015
25.50834052956669,32.76866041991804
25.318263423601874,33.15101217954482
24.858256141573406,33.207876188238316
25.38891849838025,33.40519429837331
25.59401177955415,33.15384064951488
26.142115286200124,33.65748140871069
25.423006335242054,33.36932390941192
25.717669719168654,33.91255702158102
25.509554622392233,32.72719556667128
25.758138492186603,33.20664989605189
25.477773827960963,33.52274627960317
25.558327885425467,33.06216201524029
25.739780022267198,33.68814849679477
25.606408883938222,33.048957065262385
25.235408102858187,33.38423603039665
26.001703146110987,33.75979591915275
26.085497567339825,33.5306231597589
25.566414819661105,33.15281863339144
25.96839334158124,33.53838403049889
25.846401493950843,33.28582898578827
25.538189296869987,32.98321447219731
25.754926132069784,33.2897546538065
26.041998255695606,33.74287716282471
25.292532908097197,33.09446229593152
25.630898916034074,33.1629627637984
25.057624307907894,32.736036607710965
25.979646069796768,34.09048552060116
25.30202498983437,33.37311086038595
25.65045961867983,33.74458017315192
25.5259982725006,33.55079780310022
25.894254219834863,33.55024123696538
25.680497829365716,33.43001112201438
25.61479154087677,33.7071288387243
25.91851419542118,33.65323044187301
25.79369899831655,32.5871117701532
25.71892367280061,33.45539523909456
25.564191901318935,33.57770033922646
25.818559992912913,33.20939677401976
25.535093820928097,32.36799902804811
25.36339445544834,32.99155394234751
25.713975804841628,33.41130476545247
25.511976825647707,33.36865421332593
25.419278488606725,33.154616277677135
25.42825502833153,33.26707570174095
25.967662760089887,33.393616301734525
25.026904759546312,32.93590834772667
25.64728590015165,33.7124102888632
25.971163323043243,33.571509719583766
26.01250270134552,33.045514128800676
25.457134337576313,33.33717081226428
25.91048903164562,33.46307886380197
25.584381506741664,33.611953856517005
25.684093550566033,33.04647401112653
26.044733122217778,33.81918828697527
26.056375155584412,33.190130662662206
25.261371048438267,33.41926874374955
25.955011077507145,34.11237414092546
25.276640209190052,33.389995985134554
25.758998409504983,33.635289506222804
25.94414536070476,33.325585620776934
25.71211404513343,33.38078043100421
25.667500082423402,33.64215921386204
26.005061949561796,33.595183347274386
25.62032750833629,33.53388141880178
25.88680204687595,32.76214727202877
25.749771506332067,33.13510181405213
25.361631482310237,33.07286466235515
25.101435135271856,33.15705619874496
25.125789297046616,33.122167263293484
25.760887555846285,33.16953004606171
25.45309406086514,32.88660894743761
26.24623475298863,33.06084419924967
25.431639706970405,33.19599391807852
25.957386081341784,33.37888531163977
25.8049846279888,33.77361231085655
25.537663086109653,32.98055122791165
25.90070603430834,33.46581904233659
25.35990131110107,33.954395051505024
25.689501830210766,33.155275832919685
25.8751371780814,33.487698690226814
25.205155647966674,33.07567344653264
25.229902564499753,32.882200376942556
25.46952561845942,33.00019169452643
25.54209346648438,33.8911227864882
25.03344139334461,32.87381547730651
25.853719220958183,33.121561652144806
25.640155712173275,33.31710139826875
25.440320860794905,33.26226680187958
25.301234079416385,32.92051046103459
26.12624609854631,33.35172585296884
25.62281079737572,33.134263401654096
25.15585607784539,33.080099588587146
25.446686496267297,33.59543921112121
25.693898015305344,33.41909927655878
25.45639393692387,33.44351300282195
25.09893016507445,32.828405560666845
25.402071427712535,32.823084155408154
25.798229682070506,33.058524394461905
24.96022097619133,32.608307874204286
25.118820846621517,32.72442035367013
25.742146260691698,33.267173229658304
25.84168416576525,33.4004477185758
26.260202717188587,32.97410740546137
25.380147677657625,33.25067739939016
26.087026810130904,33.31180033291546
26.13408348328107,33.90098317666707
25.528836312734676,33.301002051431034
24.926185638400685,33.25635283759159
25.728827445435154,33.39452269145665
25.30297358419215,32.862339700564206
25.368404472775456,33.551783207455166
25.632620150003277,33.0801529422644
25.66355482417888,33.37790712448462
25.841417865303217,33.16259251741558
25.461809740076912,33.336948938067955
26.03883121292048,33.469678315763325
25.73645411802165,33.329805883664754
25.52716912086882,33.91434032398193
25.992067598951394,33.212030065552376
25.898839145391506,33.06147376139871
25.452587921286508,33.85275020040463
26.254918144200225,33.47671063345195
25.810574321540056,33.606795370294144
25.32505185644897,33.482102202297085
25.53596227396428,32.93687072274021
25.62048368644184,33.17928562468539
25.708902464177537,33.07468677723367
25.790571876441874,33.4870149745733
25.624524235441825,33.35085487894934
25.68968904398479,33.285608775363954
25.572826662654627,33.60828410271635
25.702050823928527,33.24542284828139
26.143620163811043,33.44846515249168
25.348665488439334,33.02367443598472
25.406837399466404,32.72120751991728
25.43553398408563,33.889882759201875
25.375583745244537,33.18900287135768
25.75383355834574,32.511634185501286
25.705934434102957,33.31740120093904
25.494275898072125,33.12489112165892
26.141452844709217,33.505272861475376
25.321956074620566,33.38117106982261
26.18178794401404,33.113571701896554
25.87327370146497,33.23382728171897
25.30366902894837,33.74902485000488
25.414053079582196,33.34068370961954
25.905379907292886,34.07166021850433
25.719518108871007,33.01702948442335
25.67805440372553,32.968007118563506
25.550893950977922,33.0856494785551
25.3644330027952,33.21570723291062
25.428619504275353,33.4969907215609
25.56801739262445,33.21890909641557
25.742259008491395,33.19517617063635
25.99909952137191,33.51918855829938
25.79351907238874,33.48179596543644
25.918472588366754,33.83393401000102
25.87769118606842,32.879293001180486
25.766820435118916,33.97899014176158
25.929617452446927,33.30705826805496
25.533963610993297,33.484514248778474
25.385911244708076,33.336189631244515
25.71021876311842,34.02822958941042
25.62955606671976,33.05175872362975
25.60481063701992,33.36303666116199
25.081673187181984,32.401118521685035
25.875836179249724,33.54648423581038
25.449800072052998,33.35093053030745
25.705119348377124,33.303910832301966
25.77739971611957,33.0954612548697
25.20960954980433,32.810113848096854
25.91285842831997,33.6813010956694
25.473973947977903,33.16848810726402
25.503283390129763,32.8690390665012
25.23568282705775,32.85600755655543
25.295508545026777,33.319337660559576
25.556093683747097,33.35241707885618
25.680614429102448,33.53500968381403
25.32588564594836,32.8575870227838
25.986493915611145,33.59906354050645
25.711835778333985,33.17522867911447
25.531305908322597,33.12674251567218
25.763952928439295,33.56862786309792
25.642031979163193,33.55093366803281
25.232835596947364,32.91184587416293
25.37607350654522,32.660182524057085
25.482927647998796,32.968427045572206
25.697474240347262,33.776153467581395
25.306348271318768,32.620286315687714
25.935006211109474,33.25922908625942
25.339879130872976,33.257250614357204
25.236529330665306,33.48177761558818
25.138282737495768,32.961094192319194
25.44659907495766,33.21833863292148
25.826428627146072,33.41123028071666
25.479294901481758,33.13208898887986
25.94893587163736,33.718338879623055
25.957003092084275,33.75454128407133
25.690944311444056,33.76736349167153
25.361689172614664,33.176332704281094
25.885651971364315,33.69470298423887
25.61686543570498,33.08376261864143
25.627121438826528,33.531872805177635
25.514609581310282,32.94744096871969
25.80453313706726,33.60943194116176
25.3913931169637,33.756194755653624
26.198028001515937,33.68936233589505
25.133599088136517,33.288199615602636
25.737488644331577,33.39948868290113
25.466712292650243,33.224563575866014
25.90822210191446,33.525281940871565
25.39795212247314,33.07723198628148
25.620788167750405,32.9890181332389
25.423861979028477,33.6661942881199
25.41474354094071,32.96595310955039
25.405552331649428,33.71428095212417
25.185661232957074,33.10443516841114
25.52593648799835,33.70122359544041
26.32849837227179,33.57829880926039
25.693899931100475,33.46154056717285
26.14840357076193,33.85449271193892
25.2829995226884,32.939178147548425
25.54184281942965,33.066140576980885
25.97139352908189,33.07381028775889
25.588727623010946,33.191908585820215
25.166477157058033,33.000223502937146
25.669383990699867,32.67903831934921
25.51056925438008,33.06040929900854
25.941558407579453,33.38978655970772
25.66342075103813,33.23349557185409
25.91138657547078,33.66956793359156
25.967402722960685,33.625850146255516
25.722530469754947,33.30343591292905
25.675034992173302,33.832389338629575
25.24273758828758,33.240074432695714
25.53084833546341,33.056227985242145
25.706045101872604,33.980678898541676
25.37612295853769,33.39356155645875
25.4019964983409,33.688066995777
25.781719628150263,33.52859398990884
25.998645867367735,33.63734682735581
25.671056148226434,33.385048917748115
25.697981607626815,33.11525142419276
25.878557652415086,33.74288771817487
25.826317489630558,33.54675865590068
25.790783508760953,32.97251622696799
25.6555177967085,33.03378191797521
25.671388692226095,33.053521430040504
25.974548057444068,33.91594825986618
25.064875845543366,32.637383248103276
25.560416509409812,32.94965572255319
25.7440859943451,33.81449605748314
25.441008290566156,33.074915789614074
26.50058886171191,33.577232827820175
25.649630410575025,33.25493766858244
25.432485604300886,33.646354497807636
25.811427486895436,33.67240884926921
25.837750380793853,33.479380038610884
25.806814079152108,32.94526485664858
25.22671462542098,32.92471760633187
25.268791608009508,33.438593519587585
25.74470805191674,33.46388582970837
25.83873578798164,33.04946859008529
25.987841354903452,33.35328936217842
25.383352836303356,33.59628036288156
24.87974404736811,32.840143521722666
25.861723649267148,33.60162520408111
25.69425091196627,32.820892359309426
25.908013542907014,33.37060297216361
25.823030506681725,33.57978087103176
25.7355013369399,33.488444984113926
25.727981141790128,32.337212442454685
25.348103857028644,32.82923177513603
25.496574885706707,32.63488463713333
25.74940633647368,33.151843289655076
25.671297525107107,33.436486835847724
25.71623750039189,33.87751616594231
25.295349769056337,32.429563302432996
25.72809652698406,33.58664070101071
25.54168940206536,32.809655454686656
25.643999335114202,33.25369388180855
25.431328548001453,33.01523659998852
26.142182945329946,33.76474132846444
25.73625908205346,32.77001992727329
25.716838265577323,33.48544829217039
25.519563145974278,33.54205975039267
24.896241703550153,33.213843726856254
25.596227719641007,33.69207267931366
25.58444232685342,33.29868825968507
26.058378423856706,33.85478111096448
25.7125461562992,32.90439481147784
25.998867722709967,32.63001469180566
25.528203675746596,33.22324147894424
25.573590544633404,33.54359811535999
25.665898273545263,32.8022366587337
25.08833713794877,33.1412959867765
25.688895476543088,32.90937166277362
25.25368655513374,33.45748868191611
25.46449743593072,32.836013063353484
25.929025649838945,33.919957830434335
26.446948425118414,34.338778937233954
25.104904714404984,33.00716338764323
25.322857046294008,33.216448468180744
25.162347013823027,32.69874831550357
26.040524990006112,32.48964348719633
25.99863592674736,33.86464978996473
25.401134976795518,32.64327226677094
25.80305673082916,33.393314702338586
25.699580808039634,33.513951251359615
25.938040797715576,32.66285484226021
25.859117979313876,33.583429069705424
25.61607438389206,33.99125183284784
25.432621302103637,32.79005361068881
25.469254006058488,33.266954671995876
25.654322087698826,33.74809870339782
25.455806923780273,33.375268123367
25.97280451463825,33.774004190943984
25.10522078259976,32.5827833433719
25.436492414929155,33.25400799376233
25.740159693850607,33.29489496038479
25.44728848234691,33.137585063955136
25.94395464036835,33.77053502897407
25.973470270603297,32.983144759378455
26.007530645116223,32.99579814779791
25.80230023633483,33.53570348681819
25.51740061390863,33.093180819129635
25.729272611684788,33.467508636407906
25.89121740618588,33.99165333566147
25.988482153200152,32.91021217217156
25.860983029259508,33.599630055120784
25.522449300749933,33.48493474487813
25.43006880118065,33.298031234329244
25.25053836239029,33.55183137229902
25.9594220213137,33.40524014579238
25.80504077716907,33.31819365791766
25.73856778472212,33.338519896549094
25.786103179523202,33.58716338365713
25.86882523305826,33.687485425581045
25.838624277140607,33.96537398171945
24.891034509333632,32.98973138930667
25.5964699267079,33.167454625598104
25.79646275596477,32.964353477726945
25.68823079157828,33.516118350620815
25.677818156874373,33.72064884382542
25.47647485794057,32.8904541934738
25.762152725893777,33.387358956349495
25.724773848285082,32.89686306261115
25.915264872733726,33.4192894759014
25.626184537249262,33.201211536353185
25.845682011848737,32.9210666932949
25.649564758590255,32.908541718227895
26.159464541170813,34.13989194782638
25.3839413685835,33.367564601042815
25.9172980516719,31.92410932502053
25.71421225886536,33.66215718175058
25.475575519285652,32.975972638930934
25.624712992244465,33.46926636421752
26.001574672081134,33.48732382271884
25.957820897269023,33.51744246779719
25.703343136408638,33.14600888669705
25.196146726300043,32.77150597305122
25.705373067210747,33.40083621875836
25.71962473336174,33.142454926814466
25.6589231561574,33.52232190225496
25.465800482130295,33.23323049410535
25.560809265677317,33.11968549455073
25.74112669691439,32.9902051685435
25.88602304026556,33.740337322403654
25.35026712450924,33.013964364500694
25.771790595845186,32.88554876872204
25.079074419781282,33.12898188941966
25.950137085282172,33.858317299802266
25.292959393299746,33.39494321418162
24.997428412118094,32.36089568041143
25.17930331634994,33.01688653066311
25.28078106660164,33.01295452540638
25.739157448020006,33.173030755117054
25.6123704696871,33.64126255927725
25.742814860123925,32.916708085038415
25.482024057981366,33.38870980176078
25.583187859168902,32.95382985606905
25.70793415440992,32.96073871408951
25.594807757782004,33.43431634615294
25.868603162296058,33.48421869489981
25.57834303743355,33.35980422478352
25.531952623424164,32.99015201867729
25.564205712853017,32.56377881699541
25.95954612631084,33.43384790254723
25.226305944716028,33.51653838693032
26.002313061323246,32.41015181068555
25.21064772458803,33.13014635798361
25.819792190477372,33.416113407779825
25.994072722992968,33.20080450032308
25.284634464324032,33.090812535928144
25.699617079840444,33.44899237515004
25.378924818656472,32.83897806751254
25.751203712604752,32.64804302641543
25.72947026794416,33.52597168052574
25.62408042397901,33.37548268129936
25.37858141296647,33.38024796806993
25.744784020237667,33.84956107631373
25.81007807820748,33.10338853862483
26.07448626536424,34.063372604593596
25.600693775729255,33.4013657574529
25.862782099260592,33.621633210615386
24.898293790123635,33.355870752602186
25.772733948456427,33.87836587442294
25.6563844139748,33.607352507414774
25.338966290177357,32.84684984063662
25.090886453600042,33.199974183790616
25.589842257186284,33.298574778109575
26.11828837504356,33.45666546505065
25.253523520830793,32.94223234259682
25.997048703276693,33.354907049757266
25.629803142235826,32.93886397252624
25.57403503052371,33.0622121801589
25.77600548569143,33.37518881702525
26.307084893042646,33.520368043965256
25.97652992218204,33.39021127281955
25.554184748088566,33.337144892786995
25.395030482768327,32.94626316976062
25.722068172791946,32.86491372285376
25.331181635391804,33.18418730879185
25.254563528593696,33.49200736946056
25.373675394219408,32.815769133404245
25.616295792044845,33.260574429365825
26.068985407012693,32.96634956712797
25.838823124629798,32.84634906365818
25.73500823518242,33.18879778696354
26.06804484625021,32.972150433296214
26.06506482262356,33.16480567736111
25.79355006497393,33.17171399264182
25.475052623252715,33.60696706373353
25.722756426006338,33.80294978588397
25.519381133684696,33.16109749794164
25.565757750728217,33.44688570076627
25.925014780027293,32.95476636954305
25.528950898107784,33.30885128415517
25.427853289512527,33.124423728668326
25.633128471094363,33.46484484649933
25.489430540012904,32.89456952753203
25.306195558662697,33.084815463880695
25.834853511511923,33.6277151627468
25.78557694391069,33.32210867906201
25.52145849386756,33.71926811688448
25.806559904057856,33.06379067104432
25.19939270426462,33.539702934939726
24.77663886461403,32.84427091942531
24.877125535169373,32.68947426066224
25.42805567571608,33.20424119926526
25.60975513915053,33.648982359989496
25.501373196496836,33.311732049798515
25.63913738327056,33.18727884819976
25.636196646391117,33.0594266879284
25.93867742485732,33.73243005832746
25.884725985783415,33.084506279100815
26.227245818821554,34.05785758603562
25.169213715063375,32.97852396344132
25.18667805435127,33.13403460307487
25.947456316830767,33.57450328271234
25.65088464417914,33.452127987454745
25.273938315649684,33.103733759877095
25.92278644497978,33.62498115773053
25.75913353652775,33.47802053597235
25.742769112142632,33.48979154742112
25.399762229442008,33.24837317469978
25.763028060708052,33.8281324881565
25.709684860107654,33.82268800053463
26.08165604945558,33.505457056574144
25.617577656517796,32.712825679593465
25.471433228389003,33.16333198838051
25.597628133187243,33.18428695873499
25.988871529817683,33.37717423958945
25.263202854443822,33.12697984560911
25.78129136811812,32.96127010200282
25.839850442076397,33.20710750701182
25.097742413874006,33.03030881915963
25.372993008985453,32.944193439980744
25.952414593972,33.68232719728884
25.98580648918118,33.98225029642606
25.222372090398064,32.66910901649095
25.213880584632033,32.99033371616668
25.186188864474698,33.07324114243163
25.509707938269948,33.52791008458436
25.455349767481785,33.654453689849454
25.608926510101327,33.64523510898351
25.822678850507742,33.7425324765376
25.389964500490485,33.42271783348188
25.684667380451405,33.28168791497842
25.66425205301229,33.42598285311631
25.755765922100004,33.39703942685529
25.43833576300076,32.91496714119572
25.808787339127633,33.82120819578723
25.52375569841066,33.368996508575094
25.514933853161708,32.869922059226575
25.481114970031413,32.98471760132077
25.922781201608704,33.27435391618311
25.499897293484544,32.651009291914335
25.71495648997511,33.15838756733394
25.341769655477393,33.15171168972403
25.407166592259667,33.194419452217474
25.3811510671539,33.53015684556109
25.63897508466057,34.074770365202035
25.434071749087554,33.5454964817991
25.124469939388824,32.69389227163018
25.943628283460352,33.482342008592056
25.574511080726158,33.164667722002875
26.301385145840797,33.69073399307144
25.21703464895593,32.966253153978954
26.149546048797056,33.46488952707527
25.718163639689827,33.34004446977461
25.829497573275095,32.62835837199174
25.62592576981212,32.88336891641104
26.013664722439888,33.53102444745533
25.66564748169296,33.002091620670456
25.62867284899527,33.272089783211406
25.709479161508828,33.644544480800654
25.606199014940977,33.51785451567024
25.651850931296792,33.372758742483185
26.080165931760494,33.191352636941815
25.87688636588358,33.575318887898575
25.60394284657693,33.64782099219131
25.527186110563445,33.299910081626834
25.70691355981812,33.431862550586054
25.497587014564186,33.13408876291202
25.63838464273667,33.60792313193731
25.245764678669882,32.86844212431593
25.752457531006264,33.50209711446481
25.66641925097369,33.088922133130154
26.032263244344207,33.19977405572332
25.521940348776866,33.33910494161323
26.0407339857483,33.326141328867216
25.773416178749255,33.65839509899102
25.397487724693907,32.96761799742682
25.924132795581457,33.28132982924298
25.0293215192548,33.18026684047783
24.796712717305372,32.98490224478704
26.057037312509195,33.13606686867966
26.096863993108407,33.66638018140886
25.498521650241287,33.34594948693666
25.87948242122315,33.63867753868613
25.728544609905555,33.48969891657954
25.550014513216684,32.93655378179138
25.715683742451557,32.729979114708215
26.052338430975414,33.32106870452786
25.423599593153714,33.00768077823116
25.674442809861823,33.45546091034511
26.182354649921766,33.58648900200095
25.66998713328816,33.70404791422172
25.843754178923252,33.97098030250643
25.83231177518141,32.52329833050501
26.23014287262098,33.895100145093465
25.940088864183657,32.858514013132755
25.91937828923709,33.88070651604915
25.42498415586141,33.38537146192262
26.095080449154167,32.53303833445383
25.819452830197264,34.078764715809406
25.87150766355721,33.80335892892792
25.94423176574462,32.62206064124304
25.2565207993695,33.44226097697863
25.98621588324472,33.99981134991097
26.106382397367312,33.5381450214606
25.60047250911112,33.64785574495788
25.20189755654816,33.05535439075383
25.56353697353995,33.167091626681476
26.278641015159206,33.90453310281056
25.5793677627427,32.803436822787944
25.87016886077916,33.472005237162726
25.579459794280577,33.626970457526184
26.077809593102025,33.263036409058536
25.68299817006664,33.16443902496793
25.37307496950349,33.64199870344938
25.951795372457966,33.22979525334626
24.882305809446883,32.83412083331626
25.87264732018384,33.0926243854538
25.42619755891302,32.960909713175425
25.8845116346533,33.224519912994516
26.122811375628384,33.4252631936569
25.61028702306826,33.32240111404741
25.809194563483874,33.35144430221961
25.448617598176504,32.91496997584758
25.175994750608208,32.81359701051902
25.428513351478085,33.50406999182269
25.88566255154761,33.307524114114486
25.066688143590227,33.19837487333993
25.221386153631855,33.3640072901157
26.300574201424983,33.383124391941585
25.721321763177578,33.23778863792179
25.84896305070626,33.70226602004599
25.83100893037701,33.50920622503669
25.724490787090293,33.51636621912861
25.774345160729034,33.246949401396066
26.086793669885587,33.92143168853162
25.924950432643378,34.05501282216282
25.337521162728937,33.29092125412303
26.207690148527984,34.043713302879254
25.784634070170352,32.86134287358429
25.370716557840588,33.37405440065709
25.73586753389863,33.113673768405505
25.60564367858343,32.83922204616927
25.253959402344115,33.10095465572072
25.468090072523818,33.08750228310819
25.358370690616724,32.89537312811239
25.941377118586885,33.44996655965059
25.966971939663075,33.493554067763164
25.754943269196854,33.24722757819693
25.53856707266632,32.953636211279516
25.663790667317926,32.918712555479274
25.781400287627456,33.86641365874476
25.571529660630144,32.80489655220262
25.47819583628432,33.201433829930615
25.235811378273574,33.06639961524864
25.67604276206842,33.25945238227962
25.366586296898493,33.512154035468
24.932017290739132,32.97966662128601
25.539473739128645,33.38393704826532
26.221753122259113,32.4489150262563
25.607066299179856,33.009383612340926
25.173492351033207,32.98745907801535
26.100780102017964,33.58243929016384
25.654069870094855,33.11109203691363
25.83847842657383,33.852463487436715
25.482821618842195,32.8719090440418
25.94522749185398,33.53593209946396
25.565783535271258,33.47410074632312
25.8579924965745,32.98001126360474
25.82813124278962,33.45815542375716
25.5321519255495,33.13352821213812
25.409980089822664,33.07865141090008
26.077283200034984,33.44535072866375
25.764866794334807,33.77063712933094
25.72203569400232,32.66282597377698
25.572287565772545,33.46393445257305
25.45062284302025,33.195341506606816
25.086348290192916,32.92671978755103
25.70679971044814,33.12735920206698
25.8493976852724,33.65810254971951
25.79778414430807,33.46251469643437
25.86220613772008,33.39006992510164
25.63494586905749,32.86627786405021
25.87476825524296,33.64812762649579
25.559157390873835,33.1569809662926
25.40019210626451,33.08199662906881
25.491797941217683,33.240961433489666
25.657517144435946,33.24270179598145
25.451454847984586,33.12307120724886
26.04954341606215,33.49407132497392
26.079213767733936,33.43356751683182
25.699972748480814,33.87314742674848
25.522544194518233,32.90426023786198
25.495544536506298,33.314236403782544
25.753376718294298,33.23915895692479
25.67400371790093,33.189012010908634
25.403552030757265,33.37807692363813
25.604317543466426,33.59642620224891
25.981954904037455,33.35659848905174
25.643891337855273,33.917500645535846
25.43204343050385,32.53804078375833
26.039980829816187,33.64102405826655
25.750785954727817,33.15849718781513
25.361176632929173,32.6822200538815
25.174940153027634,33.268242107005975
25.301390293606424,33.06608480720175
25.676370180520564,33.44428196173726
25.933095270992812,33.92260094235196
25.662061328310998,33.823824816604045
25.75132605647648,33.29304142956714
26.098702382652476,33.552791003819806
25.52272375984204,32.26317676048666
25.87976262556456,33.38154512110449
25.966164323801785,33.53466549305878
25.3664705961701,33.08413959727695
25.831538347153554,32.801935167000345
25.920240326174078,33.390484239910876
25.791254159045778,33.528045585072825
25.2669187382622,33.12423850437734
25.73352912407692,32.986817251716204
25.04515515781473,33.04663051011786
25.352876026685323,32.5360395352868
25.76892047224672,33.37652758499391
25.558910102200866,33.39340421700253
25.89652369745169,33.74492377511174
25.615014602104523,33.38334320874357
25.077907446266995,33.23153835602829
25.777153197365415,32.9573528938053
25.88431045245647,33.29456588638041
25.454015635181428,33.50880520383448
25.752407779824143,33.521878959252845
25.917672486173803,33.01576187853395
25.71270997887005,33.19402189972168
25.387404077364906,33.47834170533231
25.62996336374819,33.17848554851501
25.351397066490353,32.90028188763182
25.834091654618994,33.5736381859738
25.613487263724405,33.11911865293837
25.47428617203388,32.96791996006988
26.201697592515707,33.98795147356342
25.916195541237993,33.763093987744284
25.156626853066975,32.89598684440278
25.5054290456573,33.6348595212537
25.65405535506699,32.87875452773662
25.226267916571828,32.95351078604854
25.769817434881972,33.28594583946143
25.472495017689806,33.22188967285024
25.751610872572652,33.1873595831683
25.543987062258818,33.08571757549048
25.539093112512912,33.41139048139832
25.436280446860824,33.607209865811434
25.86628806811462,33.776124524377856
25.275007223353512,33.37144520117996
25.554557252692618,33.155045490054924
25.49132552348495,33.01207832454845
25.675866350865807,33.17509643704476
25.541466645594642,33.03026502662193
25.480213783262165,33.416074115015086
25.58953822764197,33.24924782579109
25.667463202195826,33.5691462055808
25.322600396919675,33.013407782957735
25.603040155995696,32.89593455826689
25.68463649421086,33.311745283894226
25.927772774129735,33.39179147517264
26.125630429580646,33.839789728482785
25.604294045849528,32.86798674071861
25.032967414873422,33.32368588360133
25.424845225115845,33.33387634218703
25.156204550187557,32.68321702663821
25.67683404521209,33.2297448271095
25.611039108633843,33.10100536875229
26.10213231578546,34.20790506243529
25.217491947569286,32.53017264768049
25.13944378785993,32.94928365230945
25.555785753091193,33.2947829513082
25.662374003004757,32.570810801225775
25.34847642497131,33.146306889148725
25.41476888158283,32.84950005185018
25.675836930710602,33.54170118419725
26.022627973080844,33.239365231702116
25.111882936269726,32.99027100376534
25.41113032358588,33.29100200617037
25.688678901585565,33.233009334579
25.537488963571604,33.31677141803523
25.835546195227717,32.810969468635925
25.326818076203303,32.93329332110069
26.03183309533467,33.14055479981722
25.760233528345783,33.54671209126391
25.509396358925088,33.08864552365225
25.640186304537927,33.03060244822467
26.282289583371664,33.44307379467067
25.643544582563912,33.50803343026651
25.887527517462956,33.3256861461664
25.856673241043442,33.6351482228104
25.57059650720609,33.313904310485185
25.627193257709827,33.35898017656302
25.768939406126535,33.18030187264004
25.53175948747414,33.37098900548346
25.390039092409147,33.24335913394561
25.641999946440258,33.273658388004456
25.492949311219732,33.6101390580654
25.782230374478807,32.7938977971096
25.6804717420984,33.10613208928582
25.756336528195078,33.55399513931413
25.78633920727329,33.44093657086639
25.50685016342404,33.26556731934368
25.926645349086176,33.87859438541005
25.849800197523543,33.58650945903757
25.63737570398258,33.27737651803796
25.70295963956791,33.315404415448675
25.09695673065632,32.72306090419226
25.687728943983497,33.52121617594771
25.59427523221556,33.32931314529394
25.58149486626975,33.65783170151061
25.226777879928218,33.25172371699969
25.52032490835299,33.225128608318236
25.54952770103231,33.25685223538877
26.262413148805898,33.95204516852399
25.634141889383894,33.402902427537356
25.201940050969164,32.80075683986425
25.997770452468355,33.21299412587493
25.63259600210052,33.10527685880165
25.7850479246341,33.64234535345595
26.017851831868555,34.0019885853021
25.731413722656377,33.54823317035063
25.58507458791246,33.0969799274271
25.401698416663006,33.06391943886975
25.183462383837036,33.068743826141244
25.269071024914005,32.851731171619754
25.63635816885201,33.02457641094619
25.781658191606784,33.31231012959171
25.486641945854664,33.250001597254844
25.819674788128307,33.35846574669154
25.955000445529862,33.6480271967413
25.45330120375641,33.25378528742778
25.353242233854687,33.34058741634091
25.866820314019435,33.95303547513371
25.497398074390855,33.17683128810814
25.40818995818,33.286297870826935
25.783714164134047,32.89169449932578
26.200055340711256,33.279155686913256
25.936756481010455,33.581303393916066
25.810804837468226,33.38820916004435
25.624521373565862,33.395684940746975
25.66941800839411,33.20153646905373
25.78789824548211,32.53747912516381
25.99059032467156,33.29393959475243
25.616976204825367,32.55038977197737
25.05854112753442,32.62755914911708
25.95936306628139,33.67000744631406
25.590479522476112,32.81879229545648
25.297089434739853,32.99585035046158
25.723208297760976,33.40247304982921
25.595180146206395,33.300590505834734
25.206930288079526,33.302638096973034
26.061137861285108,33.35648149073766
25.202149971281578,33.08794600338282
25.441507919958166,33.11510509251258
25.941135799204773,33.37730866015215
25.568899425619975,33.286679721605495
25.339916250149432,33.28836216289865
25.810913177984638,33.06900699219558
25.560225196250116,32.662043028505586
25.962955337688136,33.63106954268384
25.650559828368937,32.778147157615976
25.524693275155173,33.51905523916392
25.893337171541262,32.76809918083514
26.02795784649789,33.36954036911338
26.05229763270105,33.23619137707105
25.797088689469,32.51847063206024
25.567603678266714,33.359580539968206
25.503681668008067,33.282084282720234
25.748094499622184,34.13897804765572
25.806014182665635,33.51937008804349
25.71618979094323,32.679976555682195
25.20590040063465,33.08040695493964
25.334110866989576,33.548079822333904
25.48644154114765,32.95995133459935
25.987309178717645,33.231671006483566
26.09059094759836,33.594410159073945
25.449719278960973,33.36970996365746
25.698152206370644,32.833324962581635
25.703780060171763,33.67529166934436
25.990395921753517,33.21708316803053
25.493527734699814,32.43837951324571
25.33110635499868,32.886501501331836
25.405834585295324,32.95181447371975
25.90780288959158,33.013776615622525
25.853767666254363,32.71409174139049
25.28908432752776,33.03713505446872
25.65571014579158,33.748882594523984
25.54971200431805,33.26355459973492
25.865654814336327,33.418812893410404
26.058701275932247,32.35613677165756
25.6724879609367,33.49736653580226
25.62945044386142,33.730209470369786
25.72212227951517,33.66879103165515
25.50374416605886,33.10595768153378
25.417497374129187,33.26379092660299
25.356153165992204,33.25032022019209
25.52700424082013,33.39793284280823
25.58832577957267,33.69256083918845
25.478657264040805,33.474820877079324
25.750813089470196,33.17961549519657
25.43479212087083,32.769503508024385
25.833073313097763,33.288100482053856
25.630611146426574,32.99524818456483
25.78833519682622,33.947014712443305
25.66461606434863,33.286903209881366
25.258396818514896,32.701535335179834
25.3157001104244,33.03357652146131
26.147801914660217,33.38081438888195
25.094157808278617,33.36547544046822
25.53066758186483,33.39168766971116
25.562617892209342,33.245259203752795
26.078948278084525,33.21428737634944
25.71455651060551,33.291485562558854
25.521646787078723,33.38548959843109
25.39505303583547,32.683638246037304
25.627249646948357,33.359722800065235
25.911619422318907,33.37090566185891
25.58383928221272,32.86620121466114
25.464125340993288,32.95818838950725
25.355546024914403,33.19212486257505
25.489232339855022,33.431432417181014
25.641318352268417,33.43561149315964
25.444080895395704,33.03047181576874
25.49397278333079,32.73670433330044
25.86516586679661,32.847367024441375
25.54130263869194,33.441477396200796
26.469230643353264,33.91196082481077
25.908611058956502,32.92808076391562
25.786973629105752,33.112180014499465
25.596576962817483,32.697715456800246
25.22888804630509,32.45477112695761
25.55926851524482,33.307941813038305
25.624162792496843,33.43258786613705
25.334693770215257,33.37921493999778
25.5412648811712,33.346249719475665
25.537392181182234,33.313412449341975
26.00807184875864,34.05743572469393
25.71129161257722,33.28751766473731
25.66553521144347,32.921579690263115
25.254581144395804,33.14917001549685
25.626461456414745,32.82399286575763
25.136732879097707,33.08847970593682
25.654220830760185,33.36829806897367
25.727269478284743,33.6168299541053
25.86684234669653,33.4578843546988
25.384406040211328,32.74047266083108
26.343739825128246,32.54340917290624
25.30909544273598,33.14048105807752
25.64818834985016,33.45911011763718
25.705159381721348,33.56642097020851
25.4815776158273,33.705360556229735
26.021470880346094,33.38719304964517
25.80364498384011,33.31360376995229
25.591423471401814,33.715551808225996
25.449231076706425,33.24081494897326
25.87444641909241,33.627140792243495
25.5346122318182,33.61956911993152
25.93512559526535,33.06048178152314
25.887000371854203,33.64321751225729
26.09349443330519,32.954715618367004
26.364268208591906,33.76398052258207
25.83400155239196,33.68097345226222
25.467573495117794,33.39541398504535
25.303841746420666,32.83568224693668
25.705695388958272,32.98409417192974
25.112414933669807,33.44921673170428
25.445052873332266,32.86620568507339
25.573813790047442,33.12944469744504
25.170509454554466,32.46226314802118
25.51890386402364,33.018225485868186
25.822256464225436,32.86866216178916
25.53682891301332,33.453055306295525
26.26649265821803,33.689113845588
25.37777536209487,33.323139549092716
25.349544696983344,33.56252915509955
25.736597980621823,33.93711474316906
25.73937303602576,33.155126367703446
26.037529090754138,32.38155472262227
25.96336114012905,32.94297275636532
25.875892772046733,33.50833440235849
25.234639263807438,32.916091704665234
25.78018739562902,33.32799015965523
25.80742032297088,33.69790565133889
25.815506801664768,33.75178158775933
25.77284704649026,33.62175747078068
25.435849489723438,33.33220615968482
25.524069591857195,33.63247318313367
25.70893783611165,33.45589583877432
25.450267649267264,33.7082214476093
25.979846702972754,33.61833755552285
25.898129904322907,33.191146698787406
25.600662143056564,33.1386838025286
24.971428310506347,32.6857430443993
25.796455214843842,32.70335143560041
25.659695279187822,33.44824458802381
25.40049734571198,33.09065393321126
25.589140794473344,33.43439785306178
25.920878291484904,33.19863870651084
25.3406409170671,32.96824743283014
25.355747059290955,32.70652897255483
25.92913405869838,33.62653100228817
25.665616248976196,33.11166113719003
25.8981943535901,33.61107665251148
25.394247927671305,33.246209049787275
25.90274830821651,33.09544909142577
25.68776356928952,33.11427741293408
26.031304853833934,33.57164124962225
25.784151956343607,33.470764143087315
25.51254482432347,33.59126965154796
25.90034412722855,33.25944896577807
25.703667032079228,33.02512276740836
25.410909773998476,33.240963075209535
25.72287319234178,33.329222928960384
25.29337628554831,33.15260232721872
25.781358694408162,33.56398519173889
24.76331919150895,32.490171014007025
25.66502202739403,33.432733714628434
25.735302254923464,33.67807106310632
25.938240451198766,33.99635086874708
25.700150789711522,32.91392666964269
25.30063955658088,33.029511974868136
26.076763273045444,33.09979219101136
25.801714664593106,33.31576618795503
25.99343734577257,33.06775998692377
25.497229987469073,33.46977501913457
25.00134229741035,32.68684432093816
25.879554149009287,33.53707730458383
25.367956056474824,32.903973413207225
25.68447056780124,33.85019850077668
25.252078497715004,33.459186970282154
25.13068551753841,33.02612597172298
25.820915528981757,32.931577065935464
25.823599928835897,33.784298030828204
25.758229406483785,33.1718045922383
25.626360839642757,33.655639199098374
25.434853339028997,33.07640500654909
25.544141408014625,33.60678827937676
25.970285927442426,33.39677297247177
25.67941608334292,33.70970912316712
25.337764424576108,33.11227370085256
25.880243172103327,33.101480523824094
25.705506721913505,32.93861493224247
25.592064963468463,33.69579659412956
25.241803655470815,33.24510199030085
25.886560476787405,33.390711089391985
25.414367234988173,33.860240031849315
26.228787465445876,33.86426669599328
25.654523513494894,33.69278644408116
25.56147173683201,33.249696023332895
26.134699719449745,33.80712763742424
25.918122817131714,33.42276146684163
25.608626436510143,33.5192493027822
25.03020150984087,33.01564778729792
25.78356886738182,32.9732225153258
25.864507909927504,33.51869858008696
25.75649655537844,33.563091426517694
25.5211427227037,32.80124050009741
25.421835344588192,33.19786272041102
25.18593348536954,33.26733203123107
25.32182803237809,33.17280485291165
25.928097927501533,33.21006842808288
25.682192230204944,33.403970118741164
26.313529488759617,33.25823308705043
25.797704446635688,33.84706095379098
25.216324610787147,33.015737109758234
25.41142054707729,33.24062209780279
25.890364547746984,33.68665996584409
25.531859696496888,33.381140895557074
26.01914791816012,33.951724556332934
25.69163487547891,33.23801842107258
25.53606991659875,33.49532711685555
25.729486623471367,33.37577983519769
25.531262393615776,33.14658485356315
25.008822986049243,32.96022208394007
25.823834954986275,33.11224910793523
25.39975669353326,33.32469173025369
25.496815763204225,33.39944674079352
25.80569744033656,33.45480685632718
25.28801043147537,33.10586899075363
25.404203463222274,33.083490004202304
25.240755902100062,33.3430108529566
25.949661814557683,33.58601528235016
26.097674442382228,33.71605476344434
25.637518324359835,33.35853990002208
25.80061562921255,33.21475258563919
25.824220924976544,33.29261713402161
25.507276489253016,33.31857560296354
25.44807024530568,33.03220926705904
25.411582167744726,33.51956947042052
25.788363244691954,33.15233046855169
25.24407864056729,33.216067556740214
25.506638166767654,33.37694039673664
25.923204452112167,33.388726758384834
25.33328449904498,33.197581011693465
25.555102080175736,33.264186397871796
25.50223441360723,33.53620211401128
25.51476801371692,33.31018188552255
25.888244048651682,34.1400657357577
25.86991255951934,33.19969091490495
25.450711081894113,33.69111069557901
25.10910060689559,33.3341205408899
25.664231028420687,33.60533157973023
25.690747836639684,33.12938906026839
25.362464659446395,33.36426777326855
25.04054850054851,33.07766269697422
25.801012301860368,33.7951634960079
25.92434521101044,33.35826785589048
25.575722420496167,33.040355525620356
25.9152201437344,33.68574786847416
25.770483879704926,32.86968333069899
25.774656324092867,33.416992559351236
25.450390253820856,33.16238261025748
26.460743817097704,33.99466518506038
26.17665599076226,33.89060748621679
25.058318484150472,32.61960072288386
25.719932337120113,33.27240326650647
25.330718117240167,32.83849163378925
25.44155758231363,33.391715769669396
25.97725349476668,33.519009012019325
25.2180507582761,33.30023653967952
25.127848837032246,32.90337469088065
25.530556651133953,32.965406147123105
25.603175863116196,33.19442486420896
25.772868528850534,33.540823792119426
25.38667457813994,33.4935209912434
25.873755529682732,33.85048481832299
26.033663367553817,33.954020584166926
25.7710686470526,33.24465125159642
25.436872449044497,33.02607607600284
25.978361834047675,33.464850955737425
25.71432252936982,33.62649108369368
25.07284387279618,33.08993265626732
25.293757623374038,32.884533467940265
25.476418559039484,33.44179727255304
25.840473589477895,33.21835041400711
25.186696730184416,33.04756649060935
25.555105094097637,33.11413370271875
25.892678645302816,33.238066864894435
